patent,code,date,year
US-9321362-B2,B60L53/11,2014-02-05,2014
US-9321362-B2,B60L53/16,2014-02-05,2014
US-9321362-B2,B60L53/18,2014-02-05,2014
US-9321362-B2,B60L53/302,2014-02-05,2014
US-9321362-B2,H02J7/0029,2014-02-05,2014
US-9321362-B2,B60Y2200/91,2014-02-05,2014
US-9321362-B2,B60Y2306/05,2014-02-05,2014
US-9321362-B2,H01B7/423,2014-02-05,2014
US-9321362-B2,H01R13/502,2014-02-05,2014
US-9321362-B2,H01R2103/00,2014-02-05,2014
US-9321362-B2,Y02T10/70,2014-02-05,2014
US-9321362-B2,Y02T10/7072,2014-02-05,2014
US-9321362-B2,Y02T90/12,2014-02-05,2014
US-9321362-B2,Y02T90/14,2014-02-05,2014
US-9536671-B2,H01B17/06,2014-12-01,2014
US-9536671-B2,H01G4/224,2014-12-01,2014
US-9536671-B2,H01G4/40,2014-12-01,2014
US-9536671-B2,H02B1/20,2014-12-01,2014
US-9536671-B2,H02B1/21,2014-12-01,2014
US-9536671-B2,H02G5/00,2014-12-01,2014
US-9536671-B2,H05K7/026,2014-12-01,2014
US-9536671-B2,H05K7/1432,2014-12-01,2014
US-9536671-B2,H02G5/005,2014-12-01,2014
US-2016009197-A1,B60L15/2036,2015-09-23,2015
US-2016009197-A1,B60W10/08,2015-09-23,2015
US-2016009197-A1,B60K1/02,2015-09-23,2015
US-2016009197-A1,B60K2001/001,2015-09-23,2015
US-2016009197-A1,B60L2240/24,2015-09-23,2015
US-2016009197-A1,B60L2240/423,2015-09-23,2015
US-2016009197-A1,B60L2240/486,2015-09-23,2015
US-2016009197-A1,B60W2510/087,2015-09-23,2015
US-2016009197-A1,B60W2520/28,2015-09-23,2015
US-2016009197-A1,B60W2540/10,2015-09-23,2015
US-2016009197-A1,B60W2540/12,2015-09-23,2015
US-2016009197-A1,B60W2540/16,2015-09-23,2015
US-2016009197-A1,B60W2540/18,2015-09-23,2015
US-2016009197-A1,B60W2710/083,2015-09-23,2015
US-2016009197-A1,Y02T10/64,2015-09-23,2015
US-2016009197-A1,Y02T10/72,2015-09-23,2015
US-8117857-B2,B60L3/0046,2009-02-20,2009
US-8117857-B2,B60L53/14,2009-02-20,2009
US-8117857-B2,B60L58/13,2009-02-20,2009
US-8117857-B2,B60L58/16,2009-02-20,2009
US-8117857-B2,B60L58/26,2009-02-20,2009
US-8117857-B2,B60L58/27,2009-02-20,2009
US-8117857-B2,H01M10/613,2009-02-20,2009
US-8117857-B2,H01M10/633,2009-02-20,2009
US-8117857-B2,H01M10/6568,2009-02-20,2009
US-8117857-B2,H01M10/663,2009-02-20,2009
US-8117857-B2,B60H2001/00307,2009-02-20,2009
US-8117857-B2,B60L2260/56,2009-02-20,2009
US-8117857-B2,H01M10/615,2009-02-20,2009
US-8117857-B2,H01M10/6571,2009-02-20,2009
US-8117857-B2,Y02E60/10,2009-02-20,2009
US-8117857-B2,Y02T10/70,2009-02-20,2009
US-8117857-B2,Y02T10/7072,2009-02-20,2009
US-8117857-B2,Y02T90/12,2009-02-20,2009
US-8117857-B2,Y02T90/14,2009-02-20,2009
US-8833839-B2,B60R16/04,2012-04-13,2012
US-8833839-B2,B62D21/157,2012-04-13,2012
US-8833839-B2,B62D25/025,2012-04-13,2012
US-8833839-B2,B62D25/2036,2012-04-13,2012
US-8833839-B2,B62D25/02,2012-04-13,2012
US-7755329-B2,B60L1/003,2009-11-05,2009
US-7755329-B2,B60L58/12,2009-11-05,2009
US-7755329-B2,H02J7/007194,2009-11-05,2009
US-7755329-B2,H02J7/0068,2009-11-05,2009
US-7755329-B2,Y02B40/00,2009-11-05,2009
US-7755329-B2,Y02E60/10,2009-11-05,2009
US-7755329-B2,Y02E60/13,2009-11-05,2009
US-7755329-B2,Y02T10/70,2009-11-05,2009
US-7755329-B2,Y10S320/11,2009-11-05,2009
US-9688164-B2,B60N2/01,2015-08-25,2015
US-9688164-B2,B60N2/0232,2015-08-25,2015
US-9688164-B2,B60N2/0292,2015-08-25,2015
US-9688164-B2,B60N2/065,2015-08-25,2015
US-9688164-B2,B60N2/067,2015-08-25,2015
US-9688164-B2,B60N2/0705,2015-08-25,2015
US-9688164-B2,B60N2/0715,2015-08-25,2015
US-9688164-B2,B60N2/1842,2015-08-25,2015
US-9688164-B2,B60N2/1853,2015-08-25,2015
US-9688164-B2,B60N2/68,2015-08-25,2015
US-7739005-B1,B60L15/20,2009-02-26,2009
US-7739005-B1,B60L15/2036,2009-02-26,2009
US-7739005-B1,B60L3/10,2009-02-26,2009
US-7739005-B1,B60L3/106,2009-02-26,2009
US-7739005-B1,B60L50/51,2009-02-26,2009
US-7739005-B1,B60T8/175,2009-02-26,2009
US-7739005-B1,B60T8/3205,2009-02-26,2009
US-7739005-B1,B60W30/02,2009-02-26,2009
US-7739005-B1,B60L2220/42,2009-02-26,2009
US-7739005-B1,B60L2240/12,2009-02-26,2009
US-7739005-B1,B60L2240/24,2009-02-26,2009
US-7739005-B1,B60L2240/421,2009-02-26,2009
US-7739005-B1,B60L2240/423,2009-02-26,2009
US-7739005-B1,B60L2240/425,2009-02-26,2009
US-7739005-B1,B60L2240/461,2009-02-26,2009
US-7739005-B1,B60L2240/463,2009-02-26,2009
US-7739005-B1,B60L2240/465,2009-02-26,2009
US-7739005-B1,B60L2250/26,2009-02-26,2009
US-7739005-B1,B60L2260/28,2009-02-26,2009
US-7739005-B1,B60T2270/202,2009-02-26,2009
US-7739005-B1,Y02T10/64,2009-02-26,2009
US-7739005-B1,Y02T10/70,2009-02-26,2009
US-7739005-B1,Y02T10/72,2009-02-26,2009
US-8004243-B2,G,2009-04-08,2009
US-8082743-B2,H01M10/486,2009-03-18,2009
US-8082743-B2,H01M10/613,2009-03-18,2009
US-8082743-B2,H01M10/615,2009-03-18,2009
US-8082743-B2,H01M10/625,2009-03-18,2009
US-8082743-B2,H01M10/633,2009-03-18,2009
US-8082743-B2,H01M10/635,2009-03-18,2009
US-8082743-B2,H01M10/6568,2009-03-18,2009
US-8082743-B2,H01M10/663,2009-03-18,2009
US-8082743-B2,B60H2001/00307,2009-03-18,2009
US-8082743-B2,Y02E60/10,2009-03-18,2009
US-9352785-B2,B62D21/11,2014-04-17,2014
US-8906541-B2,H01M10/613,2012-01-27,2012
US-8906541-B2,H01M10/643,2012-01-27,2012
US-8906541-B2,H01M50/20,2012-01-27,2012
US-8906541-B2,Y02E60/10,2012-01-27,2012
US-8054038-B2,B60L3/0046,2009-01-29,2009
US-8054038-B2,B60L53/11,2009-01-29,2009
US-8054038-B2,B60L58/14,2009-01-29,2009
US-8054038-B2,B60L58/15,2009-01-29,2009
US-8054038-B2,B60L58/16,2009-01-29,2009
US-8054038-B2,B60L2240/62,2009-01-29,2009
US-8054038-B2,B60L2240/64,2009-01-29,2009
US-8054038-B2,B60L2240/66,2009-01-29,2009
US-8054038-B2,B60L2240/68,2009-01-29,2009
US-8054038-B2,B60L2240/70,2009-01-29,2009
US-8054038-B2,B60L2240/80,2009-01-29,2009
US-8054038-B2,B60L2250/14,2009-01-29,2009
US-8054038-B2,B60L2250/16,2009-01-29,2009
US-8054038-B2,B60L2250/18,2009-01-29,2009
US-8054038-B2,Y02T10/70,2009-01-29,2009
US-8054038-B2,Y02T10/7072,2009-01-29,2009
US-8054038-B2,Y02T10/72,2009-01-29,2009
US-8054038-B2,Y02T90/12,2009-01-29,2009
US-8054038-B2,Y02T90/14,2009-01-29,2009
US-8054038-B2,Y02T90/16,2009-01-29,2009
US-8095278-B2,B60K35/00,2009-06-15,2009
US-8095278-B2,B60N2/0228,2009-06-15,2009
US-8095278-B2,B60K2370/143,2009-06-15,2009
US-8095278-B2,B60K2370/1438,2009-06-15,2009
US-8095278-B2,E05F15/689,2009-06-15,2009
US-8095278-B2,E05F15/695,2009-06-15,2009
US-8095278-B2,E05Y2400/42,2009-06-15,2009
US-8095278-B2,E05Y2400/818,2009-06-15,2009
US-8095278-B2,E05Y2400/86,2009-06-15,2009
US-8448966-B2,B60G15/067,2012-01-05,2012
US-8448966-B2,B60G2204/128,2012-01-05,2012
US-8557414-B2,H01M10/445,2011-02-25,2011
US-8557414-B2,H01M8/04089,2011-02-25,2011
US-8557414-B2,H01M8/0606,2011-02-25,2011
US-8557414-B2,H01M2220/20,2011-02-25,2011
US-8557414-B2,Y02E60/10,2011-02-25,2011
US-8557414-B2,Y02E60/50,2011-02-25,2011
US-8935053-B2,E05B77/54,2012-09-27,2012
US-8935053-B2,E05B81/14,2012-09-27,2012
US-8935053-B2,Y10T70/5907,2012-09-27,2012
US-7671567-B2,B60L1/08,2009-01-16,2009
US-7671567-B2,B60L3/0046,2009-01-16,2009
US-7671567-B2,B60L50/51,2009-01-16,2009
US-7671567-B2,B60L53/14,2009-01-16,2009
US-7671567-B2,B60L58/12,2009-01-16,2009
US-7671567-B2,B60L58/16,2009-01-16,2009
US-7671567-B2,B60L58/26,2009-01-16,2009
US-7671567-B2,B60L58/27,2009-01-16,2009
US-7671567-B2,H02J7/007192,2009-01-16,2009
US-7671567-B2,H02J7/007194,2009-01-16,2009
US-7671567-B2,H02J7/04,2009-01-16,2009
US-7671567-B2,H02J7/045,2009-01-16,2009
US-7671567-B2,B60L2240/545,2009-01-16,2009
US-7671567-B2,B60L2250/12,2009-01-16,2009
US-7671567-B2,B60L2250/16,2009-01-16,2009
US-7671567-B2,Y02T10/70,2009-01-16,2009
US-7671567-B2,Y02T10/7072,2009-01-16,2009
US-7671567-B2,Y02T10/92,2009-01-16,2009
US-7671567-B2,Y02T90/14,2009-01-16,2009
US-10763477-B2,B60L53/14,2017-01-16,2017
US-10763477-B2,B60L1/003,2017-01-16,2017
US-10763477-B2,B60L1/02,2017-01-16,2017
US-10763477-B2,B60L3/003,2017-01-16,2017
US-10763477-B2,B60L3/0061,2017-01-16,2017
US-10763477-B2,B60L50/51,2017-01-16,2017
US-10763477-B2,B60L53/65,2017-01-16,2017
US-10763477-B2,B60L58/12,2017-01-16,2017
US-10763477-B2,B60L58/16,2017-01-16,2017
US-10763477-B2,B60L58/20,2017-01-16,2017
US-10763477-B2,B60L58/21,2017-01-16,2017
US-10763477-B2,B60L58/24,2017-01-16,2017
US-10763477-B2,B60L58/26,2017-01-16,2017
US-10763477-B2,B60L58/27,2017-01-16,2017
US-10763477-B2,H01M10/0525,2017-01-16,2017
US-10763477-B2,H01M10/30,2017-01-16,2017
US-10763477-B2,H01M10/32,2017-01-16,2017
US-10763477-B2,H01M10/345,2017-01-16,2017
US-10763477-B2,H01M10/443,2017-01-16,2017
US-10763477-B2,H01M10/486,2017-01-16,2017
US-10763477-B2,H01M10/613,2017-01-16,2017
US-10763477-B2,H01M10/633,2017-01-16,2017
US-10763477-B2,H01M12/08,2017-01-16,2017
US-10763477-B2,H01M16/00,2017-01-16,2017
US-10763477-B2,H01M16/006,2017-01-16,2017
US-10763477-B2,H01M2/1077,2017-01-16,2017
US-10763477-B2,H01M2/1223,2017-01-16,2017
US-10763477-B2,H01M50/20,2017-01-16,2017
US-10763477-B2,H01M50/317,2017-01-16,2017
US-10763477-B2,H01M50/375,2017-01-16,2017
US-10763477-B2,H02J7/0029,2017-01-16,2017
US-10763477-B2,B60L2210/30,2017-01-16,2017
US-10763477-B2,B60L2240/12,2017-01-16,2017
US-10763477-B2,B60L2240/14,2017-01-16,2017
US-10763477-B2,B60L2240/36,2017-01-16,2017
US-10763477-B2,B60L2240/421,2017-01-16,2017
US-10763477-B2,B60L2240/545,2017-01-16,2017
US-10763477-B2,B60L2240/547,2017-01-16,2017
US-10763477-B2,B60L2240/662,2017-01-16,2017
US-10763477-B2,B60L2250/12,2017-01-16,2017
US-10763477-B2,B60L3/0046,2017-01-16,2017
US-10763477-B2,B60L50/64,2017-01-16,2017
US-10763477-B2,H01M10/6561,2017-01-16,2017
US-10763477-B2,H01M10/6567,2017-01-16,2017
US-10763477-B2,H01M12/06,2017-01-16,2017
US-10763477-B2,H01M2200/10,2017-01-16,2017
US-10763477-B2,H01M2200/20,2017-01-16,2017
US-10763477-B2,H01M2220/20,2017-01-16,2017
US-10763477-B2,H02J7/14,2017-01-16,2017
US-10763477-B2,Y02E60/10,2017-01-16,2017
US-10763477-B2,Y02E60/12,2017-01-16,2017
US-10763477-B2,Y02E60/50,2017-01-16,2017
US-10763477-B2,Y02T10/64,2017-01-16,2017
US-10763477-B2,Y02T10/642,2017-01-16,2017
US-10763477-B2,Y02T10/70,2017-01-16,2017
US-10763477-B2,Y02T10/7005,2017-01-16,2017
US-10763477-B2,Y02T10/7011,2017-01-16,2017
US-10763477-B2,Y02T10/7044,2017-01-16,2017
US-10763477-B2,Y02T10/7061,2017-01-16,2017
US-10763477-B2,Y02T10/7066,2017-01-16,2017
US-10763477-B2,Y02T10/7072,2017-01-16,2017
US-10763477-B2,Y02T10/72,2017-01-16,2017
US-10763477-B2,Y02T10/7241,2017-01-16,2017
US-10763477-B2,Y02T10/7258,2017-01-16,2017
US-10763477-B2,Y02T10/7291,2017-01-16,2017
US-10763477-B2,Y02T90/12,2017-01-16,2017
US-10763477-B2,Y02T90/121,2017-01-16,2017
US-10763477-B2,Y02T90/127,2017-01-16,2017
US-10763477-B2,Y02T90/128,2017-01-16,2017
US-10763477-B2,Y02T90/14,2017-01-16,2017
US-10763477-B2,Y02T90/16,2017-01-16,2017
US-10763477-B2,Y02T90/163,2017-01-16,2017
US-10763477-B2,Y02T90/167,2017-01-16,2017
US-10763477-B2,Y02T90/169,2017-01-16,2017
US-10763477-B2,Y04S30/14,2017-01-16,2017
US-10534028-B2,G01R31/025,2016-11-22,2016
US-10534028-B2,G01R31/3648,2016-11-22,2016
US-10534028-B2,G01R31/382,2016-11-22,2016
US-10534028-B2,G01R31/396,2016-11-22,2016
US-10534028-B2,G01R31/52,2016-11-22,2016
US-10534028-B2,H01M10/482,2016-11-22,2016
US-10534028-B2,H02J7/0013,2016-11-22,2016
US-10534028-B2,H02J7/0022,2016-11-22,2016
US-10534028-B2,H02J7/0025,2016-11-22,2016
US-10534028-B2,H02J7/0026,2016-11-22,2016
US-10534028-B2,H02J7/0029,2016-11-22,2016
US-10534028-B2,H01M2220/20,2016-11-22,2016
US-10534028-B2,H02J7/0016,2016-11-22,2016
US-10534028-B2,H02J7/00302,2016-11-22,2016
US-10534028-B2,Y02E60/10,2016-11-22,2016
US-10534028-B2,Y02E60/122,2016-11-22,2016
US-10534028-B2,Y02T10/70,2016-11-22,2016
US-10534028-B2,Y02T10/7011,2016-11-22,2016
US-10534028-B2,Y02T10/7055,2016-11-22,2016
US-8643342-B2,H,2009-12-31,2009
US-10023038-B2,B60L11/1877,2015-05-04,2015
US-10023038-B2,B60L50/66,2015-05-04,2015
US-10023038-B2,B60R16/04,2015-05-04,2015
US-10023038-B2,B62D21/157,2015-05-04,2015
US-10023038-B2,B62D25/025,2015-05-04,2015
US-10023038-B2,B62D25/20,2015-05-04,2015
US-10023038-B2,B62D25/2036,2015-05-04,2015
US-10023038-B2,B60K2001/0438,2015-05-04,2015
US-10023038-B2,Y02T10/70,2015-05-04,2015
US-10023038-B2,Y02T10/7005,2015-05-04,2015
US-10023038-B2,Y02T10/705,2015-05-04,2015
US-9688252-B2,B60L11/1822,2015-04-23,2015
US-9688252-B2,B60L50/60,2015-04-23,2015
US-9688252-B2,B60L53/36,2015-04-23,2015
US-9688252-B2,B60S5/06,2015-04-23,2015
US-9688252-B2,Y02T10/70,2015-04-23,2015
US-9688252-B2,Y02T10/7072,2015-04-23,2015
US-9688252-B2,Y02T90/12,2015-04-23,2015
US-9688252-B2,Y02T90/124,2015-04-23,2015
US-10295355-B2,B60L50/70,2015-03-19,2015
US-10295355-B2,G01C21/3697,2015-03-19,2015
US-10295355-B2,Y02T10/72,2015-03-19,2015
US-10295355-B2,Y02T10/7258,2015-03-19,2015
US-10295355-B2,Y02T90/40,2015-03-19,2015
US-9197091-B2,H02J7/0027,2015-01-26,2015
US-9197091-B2,H02J7/04,2015-01-26,2015
US-9197091-B2,B60L53/11,2015-01-26,2015
US-9197091-B2,B60L53/305,2015-01-26,2015
US-9197091-B2,B60L53/64,2015-01-26,2015
US-9197091-B2,B60L58/27,2015-01-26,2015
US-9197091-B2,G01R31/3606,2015-01-26,2015
US-9197091-B2,G01R31/3648,2015-01-26,2015
US-9197091-B2,G01R31/382,2015-01-26,2015
US-9197091-B2,H02J7/0013,2015-01-26,2015
US-9197091-B2,H02J7/0071,2015-01-26,2015
US-9197091-B2,H02J7/00712,2015-01-26,2015
US-9197091-B2,H02J7/041,2015-01-26,2015
US-9197091-B2,B60L2250/14,2015-01-26,2015
US-9197091-B2,H02J2007/0096,2015-01-26,2015
US-9197091-B2,H02J2310/48,2015-01-26,2015
US-9197091-B2,H02J7/00034,2015-01-26,2015
US-9197091-B2,Y02T10/70,2015-01-26,2015
US-9197091-B2,Y02T10/7055,2015-01-26,2015
US-9197091-B2,Y02T10/7072,2015-01-26,2015
US-9197091-B2,Y02T90/12,2015-01-26,2015
US-9197091-B2,Y02T90/14,2015-01-26,2015
US-9197091-B2,Y02T90/16,2015-01-26,2015
US-9197091-B2,Y02T90/167,2015-01-26,2015
US-9197091-B2,Y02T90/169,2015-01-26,2015
US-9197091-B2,Y04S30/14,2015-01-26,2015
US-9419450-B2,H01M10/0525,2015-01-15,2015
US-9419450-B2,H01M10/44,2015-01-15,2015
US-9419450-B2,H01M10/443,2015-01-15,2015
US-9419450-B2,H02J7/00,2015-01-15,2015
US-9419450-B2,H02J7/0052,2015-01-15,2015
US-9419450-B2,H02J7/007,2015-01-15,2015
US-9419450-B2,H02J7/007184,2015-01-15,2015
US-9419450-B2,H02J7/0081,2015-01-15,2015
US-9419450-B2,H02J7/0086,2015-01-15,2015
US-9419450-B2,H02J7/045,2015-01-15,2015
US-9419450-B2,H02J2310/48,2015-01-15,2015
US-9419450-B2,Y02E60/10,2015-01-15,2015
US-9419450-B2,Y02E60/122,2015-01-15,2015
US-9419450-B2,Y02T10/70,2015-01-15,2015
US-9419450-B2,Y02T10/7011,2015-01-15,2015
US-9692277-B2,B60H1/00392,2014-12-01,2014
US-9692277-B2,B60K1/00,2014-12-01,2014
US-9692277-B2,B60L1/003,2014-12-01,2014
US-9692277-B2,B60L11/005,2014-12-01,2014
US-9692277-B2,B60L11/1803,2014-12-01,2014
US-9692277-B2,B60L11/1816,2014-12-01,2014
US-9692277-B2,B60L11/1864,2014-12-01,2014
US-9692277-B2,B60L15/007,2014-12-01,2014
US-9692277-B2,B60L3/003,2014-12-01,2014
US-9692277-B2,B60L3/0061,2014-12-01,2014
US-9692277-B2,B60L50/40,2014-12-01,2014
US-9692277-B2,B60L50/51,2014-12-01,2014
US-9692277-B2,B60L53/14,2014-12-01,2014
US-9692277-B2,B60L58/21,2014-12-01,2014
US-9692277-B2,B60L58/26,2014-12-01,2014
US-9692277-B2,F16H57/0476,2014-12-01,2014
US-9692277-B2,H02K11/33,2014-12-01,2014
US-9692277-B2,H02K5/20,2014-12-01,2014
US-9692277-B2,H02K7/006,2014-12-01,2014
US-9692277-B2,H02K7/116,2014-12-01,2014
US-9692277-B2,H02K9/19,2014-12-01,2014
US-9692277-B2,H02K9/20,2014-12-01,2014
US-9692277-B2,H02K9/22,2014-12-01,2014
US-9692277-B2,B60K2001/001,2014-12-01,2014
US-9692277-B2,B60K2001/005,2014-12-01,2014
US-9692277-B2,B60K2001/006,2014-12-01,2014
US-9692277-B2,B60L2210/10,2014-12-01,2014
US-9692277-B2,B60L2240/34,2014-12-01,2014
US-9692277-B2,B60L2240/36,2014-12-01,2014
US-9692277-B2,B60L2240/525,2014-12-01,2014
US-9692277-B2,B60Y2200/91,2014-12-01,2014
US-9692277-B2,B60Y2200/92,2014-12-01,2014
US-9692277-B2,F16H2057/02034,2014-12-01,2014
US-9692277-B2,F16H57/02,2014-12-01,2014
US-9692277-B2,Y02T10/64,2014-12-01,2014
US-9692277-B2,Y02T10/641,2014-12-01,2014
US-9692277-B2,Y02T10/70,2014-12-01,2014
US-9692277-B2,Y02T10/7005,2014-12-01,2014
US-9692277-B2,Y02T10/7022,2014-12-01,2014
US-9692277-B2,Y02T10/7061,2014-12-01,2014
US-9692277-B2,Y02T10/7072,2014-12-01,2014
US-9692277-B2,Y02T10/7088,2014-12-01,2014
US-9692277-B2,Y02T10/72,2014-12-01,2014
US-9692277-B2,Y02T10/7216,2014-12-01,2014
US-9692277-B2,Y02T90/12,2014-12-01,2014
US-9692277-B2,Y02T90/121,2014-12-01,2014
US-9692277-B2,Y02T90/127,2014-12-01,2014
US-9692277-B2,Y02T90/14,2014-12-01,2014
US-9692277-B2,Y10S903/906,2014-12-01,2014
US-10300798-B2,G01R31/389,2015-02-23,2015
US-10300798-B2,G01R31/392,2015-02-23,2015
US-10300798-B2,H02J7/0071,2015-02-23,2015
US-10300798-B2,H02J7/0073,2015-02-23,2015
US-10300798-B2,B60L11/1851,2015-02-23,2015
US-10300798-B2,B60L58/10,2015-02-23,2015
US-10300798-B2,Y02T10/70,2015-02-23,2015
US-10300798-B2,Y02T10/7005,2015-02-23,2015
US-10300798-B2,Y02T10/7011,2015-02-23,2015
US-10300798-B2,Y02T10/705,2015-02-23,2015
US-10300798-B2,Y02T10/7072,2015-02-23,2015
US-10300798-B2,Y02T90/14,2015-02-23,2015
US-9527403-B2,B60L1/06,2014-04-29,2014
US-9527403-B2,B60L11/1874,2014-04-29,2014
US-9527403-B2,B60L11/1816,2014-04-29,2014
US-9527403-B2,B60L11/1875,2014-04-29,2014
US-9527403-B2,B60L53/14,2014-04-29,2014
US-9527403-B2,B60L53/302,2014-04-29,2014
US-9527403-B2,B60L53/35,2014-04-29,2014
US-9527403-B2,B60L58/26,2014-04-29,2014
US-9527403-B2,B60L58/27,2014-04-29,2014
US-9527403-B2,H01M10/625,2014-04-29,2014
US-9527403-B2,H01M10/656,2014-04-29,2014
US-9527403-B2,B60L11/1877,2014-04-29,2014
US-9527403-B2,H01M10/443,2014-04-29,2014
US-9527403-B2,H01M2220/20,2014-04-29,2014
US-9527403-B2,Y02E60/10,2014-04-29,2014
US-9527403-B2,Y02T10/70,2014-04-29,2014
US-9527403-B2,Y02T10/7072,2014-04-29,2014
US-9527403-B2,Y02T90/12,2014-04-29,2014
US-9527403-B2,Y02T90/14,2014-04-29,2014
US-9065103-B2,H01M2/10,2014-02-27,2014
US-9065103-B2,H01M10/5004,2014-02-27,2014
US-9065103-B2,H01M10/503,2014-02-27,2014
US-9065103-B2,H01M10/5057,2014-02-27,2014
US-9065103-B2,H01M10/5067,2014-02-27,2014
US-9065103-B2,H01M10/5075,2014-02-27,2014
US-9065103-B2,H01M10/613,2014-02-27,2014
US-9065103-B2,H01M10/643,2014-02-27,2014
US-9065103-B2,H01M10/653,2014-02-27,2014
US-9065103-B2,H01M10/6556,2014-02-27,2014
US-9065103-B2,H01M10/6557,2014-02-27,2014
US-9065103-B2,H01M10/6563,2014-02-27,2014
US-9065103-B2,H01M10/6565,2014-02-27,2014
US-9065103-B2,H01M10/6567,2014-02-27,2014
US-9065103-B2,H01M2/105,2014-02-27,2014
US-9065103-B2,H01M2/1077,2014-02-27,2014
US-9065103-B2,H01M2/204,2014-02-27,2014
US-9065103-B2,H01M2/206,2014-02-27,2014
US-9065103-B2,H01M2/24,2014-02-27,2014
US-9065103-B2,H01M50/20,2014-02-27,2014
US-9065103-B2,H01M50/213,2014-02-27,2014
US-9065103-B2,H01M50/502,2014-02-27,2014
US-9065103-B2,H01M50/529,2014-02-27,2014
US-9065103-B2,H01M10/5008,2014-02-27,2014
US-9065103-B2,H01M10/5016,2014-02-27,2014
US-9065103-B2,H01M10/5053,2014-02-27,2014
US-9065103-B2,H01M10/5071,2014-02-27,2014
US-9065103-B2,H01M10/5095,2014-02-27,2014
US-9065103-B2,H01M10/617,2014-02-27,2014
US-9065103-B2,H01M10/625,2014-02-27,2014
US-9065103-B2,H01M10/6554,2014-02-27,2014
US-9065103-B2,H01M10/663,2014-02-27,2014
US-9065103-B2,H01M2/1083,2014-02-27,2014
US-9065103-B2,H01M6/42,2014-02-27,2014
US-9065103-B2,Y02E60/10,2014-02-27,2014
US-9065103-B2,Y10T29/49108,2014-02-27,2014
US-9257825-B2,H01B13/0036,2014-02-24,2014
US-9257825-B2,H05K7/1432,2014-02-24,2014
US-9257825-B2,H01G9/26,2014-02-24,2014
US-9257825-B2,H02G5/005,2014-02-24,2014
US-9257825-B2,H02M7/003,2014-02-24,2014
US-9257825-B2,Y02T10/70,2014-02-24,2014
US-9257825-B2,Y10T29/4913,2014-02-24,2014
US-9257825-B2,Y10T29/49174,2014-02-24,2014
US-9257825-B2,Y10T29/49224,2014-02-24,2014
US-9761919-B2,H01M10/625,2014-02-25,2014
US-9761919-B2,H01M10/643,2014-02-25,2014
US-9761919-B2,H01M10/653,2014-02-25,2014
US-9761919-B2,H01M10/6552,2014-02-25,2014
US-9761919-B2,H01M2/206,2014-02-25,2014
US-9761919-B2,H01M50/20,2014-02-25,2014
US-9761919-B2,H01M50/502,2014-02-25,2014
US-9761919-B2,H01M2220/20,2014-02-25,2014
US-9761919-B2,Y02E60/10,2014-02-25,2014
US-9761919-B2,Y02T10/70,2014-02-25,2014
US-9257729-B2,H01M10/5004,2013-11-25,2013
US-9257729-B2,B60L11/1859,2013-11-25,2013
US-9257729-B2,B60L11/1866,2013-11-25,2013
US-9257729-B2,B60L11/1874,2013-11-25,2013
US-9257729-B2,B60L3/0046,2013-11-25,2013
US-9257729-B2,B60L58/13,2013-11-25,2013
US-9257729-B2,B60L58/14,2013-11-25,2013
US-9257729-B2,B60L58/18,2013-11-25,2013
US-9257729-B2,B60L58/22,2013-11-25,2013
US-9257729-B2,B60L58/26,2013-11-25,2013
US-9257729-B2,H01M10/441,2013-11-25,2013
US-9257729-B2,H01M10/482,2013-11-25,2013
US-9257729-B2,H01M10/60,2013-11-25,2013
US-9257729-B2,B60L2240/545,2013-11-25,2013
US-9257729-B2,B60L2240/547,2013-11-25,2013
US-9257729-B2,B60L2240/549,2013-11-25,2013
US-9257729-B2,H01M2220/20,2013-11-25,2013
US-9257729-B2,Y02E60/10,2013-11-25,2013
US-9257729-B2,Y02T10/70,2013-11-25,2013
US-9257729-B2,Y02T10/7005,2013-11-25,2013
US-9257729-B2,Y02T10/7061,2013-11-25,2013
US-9257729-B2,Y10S903/907,2013-11-25,2013
US-9694699-B2,B60L1/02,2014-11-21,2014
US-9694699-B2,B60L11/1816,2014-11-21,2014
US-9694699-B2,B60L11/185,2014-11-21,2014
US-9694699-B2,B60L11/1861,2014-11-21,2014
US-9694699-B2,B60L11/1864,2014-11-21,2014
US-9694699-B2,B60L11/1875,2014-11-21,2014
US-9694699-B2,B60L53/00,2014-11-21,2014
US-9694699-B2,B60L53/11,2014-11-21,2014
US-9694699-B2,B60L53/14,2014-11-21,2014
US-9694699-B2,B60L58/12,2014-11-21,2014
US-9694699-B2,B60L58/21,2014-11-21,2014
US-9694699-B2,B60L58/27,2014-11-21,2014
US-9694699-B2,H02J7/0013,2014-11-21,2014
US-9694699-B2,H02J7/0021,2014-11-21,2014
US-9694699-B2,H02J7/0022,2014-11-21,2014
US-9694699-B2,H02J7/0047,2014-11-21,2014
US-9694699-B2,H02J7/007194,2014-11-21,2014
US-9694699-B2,H02J7/0072,2014-11-21,2014
US-9694699-B2,H02J7/0091,2014-11-21,2014
US-9694699-B2,B60L2240/545,2014-11-21,2014
US-9694699-B2,B60L2240/547,2014-11-21,2014
US-9694699-B2,B60L2240/549,2014-11-21,2014
US-9694699-B2,B60L2240/662,2014-11-21,2014
US-9694699-B2,H02J2310/48,2014-11-21,2014
US-9694699-B2,Y02T10/70,2014-11-21,2014
US-9694699-B2,Y02T10/7011,2014-11-21,2014
US-9694699-B2,Y02T10/7044,2014-11-21,2014
US-9694699-B2,Y02T10/7055,2014-11-21,2014
US-9694699-B2,Y02T10/7061,2014-11-21,2014
US-9694699-B2,Y02T10/7072,2014-11-21,2014
US-9694699-B2,Y02T10/72,2014-11-21,2014
US-9694699-B2,Y02T10/7291,2014-11-21,2014
US-9694699-B2,Y02T90/12,2014-11-21,2014
US-9694699-B2,Y02T90/121,2014-11-21,2014
US-9694699-B2,Y02T90/128,2014-11-21,2014
US-9694699-B2,Y02T90/14,2014-11-21,2014
US-9694699-B2,Y02T90/16,2014-11-21,2014
US-8049460-B2,B60L50/64,2008-06-23,2008
US-8049460-B2,B60L53/14,2008-06-23,2008
US-8049460-B2,B60L58/21,2008-06-23,2008
US-8049460-B2,B60L58/27,2008-06-23,2008
US-8049460-B2,B60L2200/26,2008-06-23,2008
US-8049460-B2,B60L2240/545,2008-06-23,2008
US-8049460-B2,B60L2240/549,2008-06-23,2008
US-8049460-B2,B60L2240/662,2008-06-23,2008
US-8049460-B2,B60L2240/80,2008-06-23,2008
US-8049460-B2,Y02T10/70,2008-06-23,2008
US-8049460-B2,Y02T10/7072,2008-06-23,2008
US-8049460-B2,Y02T10/72,2008-06-23,2008
US-8049460-B2,Y02T90/14,2008-06-23,2008
US-8049460-B2,Y02T90/16,2008-06-23,2008
US-RE44994-E,B60K1/04,2013-04-16,2013
US-RE44994-E,B60L50/64,2013-04-16,2013
US-RE44994-E,B60L50/66,2013-04-16,2013
US-RE44994-E,B60L58/21,2013-04-16,2013
US-RE44994-E,B60L58/26,2013-04-16,2013
US-RE44994-E,B60N2/005,2013-04-16,2013
US-RE44994-E,B60N2/012,2013-04-16,2013
US-RE44994-E,B60N2/0722,2013-04-16,2013
US-RE44994-E,B60N2/682,2013-04-16,2013
US-RE44994-E,B62D21/157,2013-04-16,2013
US-RE44994-E,B62D25/025,2013-04-16,2013
US-RE44994-E,B62D25/20,2013-04-16,2013
US-RE44994-E,B62D25/2036,2013-04-16,2013
US-RE44994-E,B60K2001/0438,2013-04-16,2013
US-RE44994-E,Y02T10/70,2013-04-16,2013
US-8638069-B2,H02J5/00,2013-07-19,2013
US-8638069-B2,H02J7/00,2013-07-19,2013
US-8638069-B2,H02J7/02,2013-07-19,2013
US-8638069-B2,H02J7/022,2013-07-19,2013
US-8638069-B2,H01M10/44,2013-07-19,2013
US-8638069-B2,H02J2207/20,2013-07-19,2013
US-8638069-B2,Y02E60/10,2013-07-19,2013
US-9614383-B2,B60L58/26,2013-03-04,2013
US-9614383-B2,B60L3/00,2013-03-04,2013
US-9614383-B2,B60L3/0046,2013-03-04,2013
US-9614383-B2,B60L58/10,2013-03-04,2013
US-9614383-B2,B60L58/14,2013-03-04,2013
US-9614383-B2,B60L58/15,2013-03-04,2013
US-9614383-B2,B60L58/18,2013-03-04,2013
US-9614383-B2,H02J7/0042,2013-03-04,2013
US-9614383-B2,H02J7/007,2013-03-04,2013
US-9614383-B2,B60L11/1816,2013-03-04,2013
US-9614383-B2,B60L11/1818,2013-03-04,2013
US-9614383-B2,B60L11/1838,2013-03-04,2013
US-9614383-B2,B60L53/14,2013-03-04,2013
US-9614383-B2,B60L53/16,2013-03-04,2013
US-9614383-B2,B60L53/60,2013-03-04,2013
US-9614383-B2,G01R31/36,2013-03-04,2013
US-9614383-B2,Y02T10/70,2013-03-04,2013
US-10180727-B2,B60G17/015,2013-02-12,2013
US-10180727-B2,B60J7/043,2013-02-12,2013
US-10180727-B2,G01C21/3667,2013-02-12,2013
US-10180727-B2,G01C21/3697,2013-02-12,2013
US-10180727-B2,G06F17/00,2013-02-12,2013
US-10180727-B2,G06F3/0481,2013-02-12,2013
US-10180727-B2,G06F3/04817,2013-02-12,2013
US-10180727-B2,G06F3/04842,2013-02-12,2013
US-10180727-B2,G06F3/0488,2013-02-12,2013
US-10180727-B2,H04S7/303,2013-02-12,2013
US-8875828-B2,B62D25/025,2013-02-20,2013
US-8875828-B2,B62D25/2036,2013-02-20,2013
US-8875828-B2,B62D29/008,2013-02-20,2013
US-8875828-B2,F41H7/042,2013-02-20,2013
US-8875828-B2,B60K2001/0438,2013-02-20,2013
US-8875828-B2,B60Y2306/11,2013-02-20,2013
US-8875828-B2,B60Y2410/114,2013-02-20,2013
US-8702161-B2,B62D25/025,2012-12-06,2012
US-8702161-B2,B62D25/20,2012-12-06,2012
US-8702161-B2,B62D25/2036,2012-12-06,2012
US-8702161-B2,B62D27/023,2012-12-06,2012
US-8702161-B2,B60K1/04,2012-12-06,2012
US-8481191-B2,H01M10/4207,2012-12-05,2012
US-8481191-B2,H01M10/653,2012-12-05,2012
US-8481191-B2,H01M50/20,2012-12-05,2012
US-8481191-B2,Y02E60/10,2012-12-05,2012
US-9637020-B2,B60L53/14,2013-05-21,2013
US-9637020-B2,B60L11/1816,2013-05-21,2013
US-9637020-B2,B60L11/1824,2013-05-21,2013
US-9637020-B2,B60L11/1848,2013-05-21,2013
US-9637020-B2,B60L11/1862,2013-05-21,2013
US-9637020-B2,B60L53/305,2013-05-21,2013
US-9637020-B2,B60L53/665,2013-05-21,2013
US-9637020-B2,B60L58/13,2013-05-21,2013
US-9637020-B2,B60L2240/622,2013-05-21,2013
US-9637020-B2,B60L2240/72,2013-05-21,2013
US-9637020-B2,B60L2250/12,2013-05-21,2013
US-9637020-B2,B60L2250/16,2013-05-21,2013
US-9637020-B2,Y02T10/70,2013-05-21,2013
US-9637020-B2,Y02T10/7005,2013-05-21,2013
US-9637020-B2,Y02T10/7044,2013-05-21,2013
US-9637020-B2,Y02T10/705,2013-05-21,2013
US-9637020-B2,Y02T10/7072,2013-05-21,2013
US-9637020-B2,Y02T10/72,2013-05-21,2013
US-9637020-B2,Y02T10/7291,2013-05-21,2013
US-9637020-B2,Y02T90/12,2013-05-21,2013
US-9637020-B2,Y02T90/121,2013-05-21,2013
US-9637020-B2,Y02T90/128,2013-05-21,2013
US-9637020-B2,Y02T90/14,2013-05-21,2013
US-9637020-B2,Y02T90/16,2013-05-21,2013
US-9637020-B2,Y02T90/162,2013-05-21,2013
US-9637020-B2,Y02T90/163,2013-05-21,2013
US-9637020-B2,Y02T90/167,2013-05-21,2013
US-9637020-B2,Y02T90/169,2013-05-21,2013
US-9637020-B2,Y04S30/14,2013-05-21,2013
US-9093726-B2,H01M10/613,2009-09-12,2009
US-9093726-B2,H01M10/502,2009-09-12,2009
US-9093726-B2,H01M10/5069,2009-09-12,2009
US-9093726-B2,H01M10/5075,2009-09-12,2009
US-9093726-B2,H01M10/63,2009-09-12,2009
US-9093726-B2,H01M10/6564,2009-09-12,2009
US-9093726-B2,H01M10/6566,2009-09-12,2009
US-9093726-B2,H01M10/6567,2009-09-12,2009
US-9093726-B2,H01M10/659,2009-09-12,2009
US-9093726-B2,G05D23/123,2009-09-12,2009
US-9093726-B2,H01M10/5016,2009-09-12,2009
US-9093726-B2,H01M10/503,2009-09-12,2009
US-9093726-B2,H01M10/5073,2009-09-12,2009
US-9093726-B2,H01M10/5089,2009-09-12,2009
US-9093726-B2,H01M10/625,2009-09-12,2009
US-9093726-B2,H01M10/643,2009-09-12,2009
US-9093726-B2,Y02E60/10,2009-09-12,2009
US-8807807-B2,B60Q3/002,2012-09-26,2012
US-8807807-B2,B60Q1/2669,2012-09-26,2012
US-8807807-B2,E05B1/0092,2012-09-26,2012
US-8807807-B2,E05B17/10,2012-09-26,2012
US-8807807-B2,E05B5/003,2012-09-26,2012
US-8807807-B2,E05B5/006,2012-09-26,2012
US-8807807-B2,E05B85/00,2012-09-26,2012
US-8807807-B2,E05B85/103,2012-09-26,2012
US-8807807-B2,E05B85/18,2012-09-26,2012
US-8807807-B2,G01B6/00,2012-09-26,2012
US-8807807-B2,G02B6/00,2012-09-26,2012
US-8807807-B2,B60Q2400/40,2012-09-26,2012
US-8807807-B2,E05B79/06,2012-09-26,2012
US-8807807-B2,E05B81/00,2012-09-26,2012
US-8807807-B2,E05B81/76,2012-09-26,2012
US-8807807-B2,E05B85/107,2012-09-26,2012
US-8807807-B2,Y10T292/57,2012-09-26,2012
US-8449015-B2,E05F15/605,2012-09-14,2012
US-8449015-B2,E05D15/262,2012-09-14,2012
US-8449015-B2,E05D15/264,2012-09-14,2012
US-8449015-B2,E05D2015/268,2012-09-14,2012
US-8449015-B2,E05Y2400/41,2012-09-14,2012
US-8449015-B2,E05Y2900/531,2012-09-14,2012
US-8449015-B2,E05Y2900/542,2012-09-14,2012
US-8539990-B2,B67D7/348,2012-06-06,2012
US-8539990-B2,B60K15/05,2012-06-06,2012
US-8539990-B2,B60K2015/03197,2012-06-06,2012
US-8539990-B2,B60K2015/03203,2012-06-06,2012
US-8539990-B2,B60K2015/053,2012-06-06,2012
US-8539990-B2,B60K2015/0561,2012-06-06,2012
US-8539990-B2,Y10T292/1021,2012-06-06,2012
US-8539990-B2,Y10T70/65,2012-06-06,2012
US-9797181-B2,B60J5/047,2015-09-11,2015
US-9797181-B2,B60R16/037,2015-09-11,2015
US-9797181-B2,E05F15/00,2015-09-11,2015
US-9797181-B2,E05F15/611,2015-09-11,2015
US-9797181-B2,E05F15/63,2015-09-11,2015
US-9797181-B2,E05F15/77,2015-09-11,2015
US-9797181-B2,B60J5/04,2015-09-11,2015
US-9797181-B2,E05F15/76,2015-09-11,2015
US-9797181-B2,E05Y2201/426,2015-09-11,2015
US-9797181-B2,E05Y2201/434,2015-09-11,2015
US-9797181-B2,E05Y2201/624,2015-09-11,2015
US-9797181-B2,E05Y2400/40,2015-09-11,2015
US-9797181-B2,E05Y2400/85,2015-09-11,2015
US-9797181-B2,E05Y2400/86,2015-09-11,2015
US-9797181-B2,E05Y2600/46,2015-09-11,2015
US-9797181-B2,E05Y2800/428,2015-09-11,2015
US-9797181-B2,E05Y2900/531,2015-09-11,2015
US-8448696-B2,B60K1/00,2012-03-23,2012
US-8448696-B2,B60K11/02,2012-03-23,2012
US-8448696-B2,B60K11/04,2012-03-23,2012
US-8448696-B2,B60L1/003,2012-03-23,2012
US-8448696-B2,B60L1/02,2012-03-23,2012
US-8448696-B2,B60L3/003,2012-03-23,2012
US-8448696-B2,B60L3/0046,2012-03-23,2012
US-8448696-B2,B60L3/0061,2012-03-23,2012
US-8448696-B2,B60L50/40,2012-03-23,2012
US-8448696-B2,B60L58/18,2012-03-23,2012
US-8448696-B2,B60L58/26,2012-03-23,2012
US-8448696-B2,B60L58/27,2012-03-23,2012
US-8448696-B2,B60H2001/00307,2012-03-23,2012
US-8448696-B2,B60K2001/003,2012-03-23,2012
US-8448696-B2,B60K2001/005,2012-03-23,2012
US-8448696-B2,B60K2001/006,2012-03-23,2012
US-8448696-B2,B60L2210/30,2012-03-23,2012
US-8448696-B2,B60L2240/34,2012-03-23,2012
US-8448696-B2,B60L2240/36,2012-03-23,2012
US-8448696-B2,Y02T10/70,2012-03-23,2012
US-8448696-B2,Y02T10/7072,2012-03-23,2012
US-8448696-B2,Y02T10/72,2012-03-23,2012
US-8448696-B2,Y02T90/12,2012-03-23,2012
US-8448696-B2,Y02T90/14,2012-03-23,2012
US-8448696-B2,Y02T90/16,2012-03-23,2012
US-8907629-B2,B60L58/13,2012-02-28,2012
US-8907629-B2,H02J7/007194,2012-02-28,2012
US-8907629-B2,B60L58/16,2012-02-28,2012
US-8907629-B2,H02J2007/0067,2012-02-28,2012
US-8907629-B2,H02J2310/48,2012-02-28,2012
US-8907629-B2,H02J7/0069,2012-02-28,2012
US-8907629-B2,Y02T10/70,2012-02-28,2012
US-8720968-B2,E05B83/34,2012-05-29,2012
US-8720968-B2,E05C19/166,2012-05-29,2012
US-8720968-B2,B60K2015/053,2012-05-29,2012
US-8720968-B2,B60K2015/0546,2012-05-29,2012
US-8720968-B2,B60K2015/0561,2012-05-29,2012
US-8720968-B2,Y02T10/70,2012-05-29,2012
US-8720968-B2,Y02T10/7072,2012-05-29,2012
US-8720968-B2,Y02T90/14,2012-05-29,2012
US-8720968-B2,Y10T292/11,2012-05-29,2012
US-8968949-B2,H01M10/625,2012-03-02,2012
US-8968949-B2,H01M10/5004,2012-03-02,2012
US-8968949-B2,H01M10/5016,2012-03-02,2012
US-8968949-B2,H01M10/504,2012-03-02,2012
US-8968949-B2,H01M10/5051,2012-03-02,2012
US-8968949-B2,H01M10/5053,2012-03-02,2012
US-8968949-B2,H01M10/5077,2012-03-02,2012
US-8968949-B2,H01M10/5095,2012-03-02,2012
US-8968949-B2,H01M10/613,2012-03-02,2012
US-8968949-B2,H01M10/63,2012-03-02,2012
US-8968949-B2,H01M10/653,2012-03-02,2012
US-8968949-B2,H01M10/6553,2012-03-02,2012
US-8968949-B2,H01M10/6554,2012-03-02,2012
US-8968949-B2,H01M10/6568,2012-03-02,2012
US-8968949-B2,H01M10/663,2012-03-02,2012
US-8968949-B2,H01M10/052,2012-03-02,2012
US-8968949-B2,H01M10/5032,2012-03-02,2012
US-8968949-B2,H01M10/647,2012-03-02,2012
US-8968949-B2,Y02E60/10,2012-03-02,2012
US-8968949-B2,Y02T10/70,2012-03-02,2012
US-8968949-B2,Y02T10/7011,2012-03-02,2012
US-9331552-B2,H02K9/20,2013-06-13,2013
US-9331552-B2,H02K9/197,2013-06-13,2013
US-9221343-B2,B60L3/0046,2012-10-10,2012
US-9221343-B2,B60L58/10,2012-10-10,2012
US-9221343-B2,H01H39/006,2012-10-10,2012
US-9221343-B2,B60R21/00,2012-10-10,2012
US-9221343-B2,Y02T10/70,2012-10-10,2012
US-8573683-B2,B60L50/64,2011-12-24,2011
US-8573683-B2,B60L50/66,2011-12-24,2011
US-8573683-B2,B60L53/80,2011-12-24,2011
US-8573683-B2,B60L58/21,2011-12-24,2011
US-8573683-B2,B62D25/082,2011-12-24,2011
US-8573683-B2,B62D25/20,2011-12-24,2011
US-8573683-B2,B62D25/2018,2011-12-24,2011
US-8573683-B2,B60K1/04,2011-12-24,2011
US-8573683-B2,B60K2001/0438,2011-12-24,2011
US-8573683-B2,B60R19/34,2011-12-24,2011
US-8573683-B2,Y02T10/70,2011-12-24,2011
US-8573683-B2,Y02T10/7072,2011-12-24,2011
US-8286743-B2,B62D25/025,2011-12-05,2011
US-8286743-B2,B62D25/2036,2011-12-05,2011
US-8286743-B2,B62D29/008,2011-12-05,2011
US-8960781-B2,B60J10/24,2011-11-30,2011
US-8960781-B2,B60J10/0031,2011-11-30,2011
US-8960781-B2,B60J10/85,2011-11-30,2011
US-8960781-B2,B62D25/02,2011-11-30,2011
US-8960781-B2,Y10S903/907,2011-11-30,2011
US-8810198-B2,H02J7/0027,2011-09-02,2011
US-8810198-B2,B60L53/11,2011-09-02,2011
US-8810198-B2,B60L53/14,2011-09-02,2011
US-8810198-B2,B60L53/30,2011-09-02,2011
US-8810198-B2,B60L53/305,2011-09-02,2011
US-8810198-B2,B60L53/63,2011-09-02,2011
US-8810198-B2,B60L53/64,2011-09-02,2011
US-8810198-B2,B60L53/65,2011-09-02,2011
US-8810198-B2,B60L53/665,2011-09-02,2011
US-8810198-B2,B60L58/12,2011-09-02,2011
US-8810198-B2,H02J7/0013,2011-09-02,2011
US-8810198-B2,H02J7/0042,2011-09-02,2011
US-8810198-B2,H02J7/02,2011-09-02,2011
US-8810198-B2,B60L2200/42,2011-09-02,2011
US-8810198-B2,B60L2240/34,2011-09-02,2011
US-8810198-B2,B60L2240/545,2011-09-02,2011
US-8810198-B2,B60L2240/80,2011-09-02,2011
US-8810198-B2,B60L2250/14,2011-09-02,2011
US-8810198-B2,H02J2310/48,2011-09-02,2011
US-8810198-B2,Y02E60/00,2011-09-02,2011
US-8810198-B2,Y02T10/70,2011-09-02,2011
US-8810198-B2,Y02T10/7072,2011-09-02,2011
US-8810198-B2,Y02T90/12,2011-09-02,2011
US-8810198-B2,Y02T90/14,2011-09-02,2011
US-8810198-B2,Y02T90/16,2011-09-02,2011
US-8810198-B2,Y02T90/167,2011-09-02,2011
US-8810198-B2,Y02T90/169,2011-09-02,2011
US-8810198-B2,Y04S10/126,2011-09-02,2011
US-8810198-B2,Y04S30/14,2011-09-02,2011
US-10344877-B2,B60H1/00278,2016-11-30,2016
US-10344877-B2,B60H1/00485,2016-11-30,2016
US-10344877-B2,B60H1/04,2016-11-30,2016
US-10344877-B2,B60L1/003,2016-11-30,2016
US-10344877-B2,B60L1/02,2016-11-30,2016
US-10344877-B2,B60L58/26,2016-11-30,2016
US-10344877-B2,B60L58/27,2016-11-30,2016
US-10344877-B2,F16K11/0853,2016-11-30,2016
US-10344877-B2,F16K11/0856,2016-11-30,2016
US-10344877-B2,F16K27/065,2016-11-30,2016
US-10344877-B2,F16K5/0407,2016-11-30,2016
US-10344877-B2,H01M10/625,2016-11-30,2016
US-10344877-B2,H01M10/6568,2016-11-30,2016
US-10344877-B2,B01D24/4642,2016-11-30,2016
US-10344877-B2,B60H2001/00307,2016-11-30,2016
US-10344877-B2,B60L2240/34,2016-11-30,2016
US-10344877-B2,B60L2240/36,2016-11-30,2016
US-10344877-B2,B60L2240/425,2016-11-30,2016
US-10344877-B2,B60L2240/485,2016-11-30,2016
US-10344877-B2,B60L2240/525,2016-11-30,2016
US-10344877-B2,B60L2240/545,2016-11-30,2016
US-10344877-B2,H01M2220/20,2016-11-30,2016
US-10344877-B2,Y02E60/10,2016-11-30,2016
US-10344877-B2,Y02T10/64,2016-11-30,2016
US-10344877-B2,Y02T10/70,2016-11-30,2016
US-10344877-B2,Y10T137/86654,2016-11-30,2016
US-10344877-B2,Y10T137/86726,2016-11-30,2016
US-9577227-B2,H01M2/105,2013-10-17,2013
US-9577227-B2,H01M10/643,2013-10-17,2013
US-9577227-B2,H01M10/6557,2013-10-17,2013
US-9577227-B2,H01M2/1077,2013-10-17,2013
US-9577227-B2,H01M50/20,2013-10-17,2013
US-9577227-B2,Y02E60/10,2013-10-17,2013
US-10199804-B2,B60L1/00,2014-12-01,2014
US-10199804-B2,H01L25/115,2014-12-01,2014
US-10199804-B2,H02B1/04,2014-12-01,2014
US-10199804-B2,H02B1/48,2014-12-01,2014
US-10199804-B2,H02M7/003,2014-12-01,2014
US-8263250-B2,H01M10/617,2010-01-12,2010
US-8263250-B2,H01M10/643,2010-01-12,2010
US-8263250-B2,H01M10/653,2010-01-12,2010
US-8263250-B2,H01M10/6557,2010-01-12,2010
US-8263250-B2,H01M10/6567,2010-01-12,2010
US-8263250-B2,H01M50/20,2010-01-12,2010
US-8263250-B2,Y02E60/10,2010-01-12,2010
US-8154167-B2,H02K15/085,2011-03-29,2011
US-8154167-B2,H02K17/12,2011-03-29,2011
US-8154167-B2,Y10T29/49009,2011-03-29,2011
US-8154167-B2,Y10T29/49071,2011-03-29,2011
US-8154167-B2,Y10T29/49073,2011-03-29,2011
US-8168315-B1,B60L3/0046,2011-08-23,2011
US-8168315-B1,B60L3/0069,2011-08-23,2011
US-8168315-B1,B60L3/04,2011-08-23,2011
US-8168315-B1,B60L50/64,2011-08-23,2011
US-8168315-B1,B60L58/21,2011-08-23,2011
US-8168315-B1,B60L58/25,2011-08-23,2011
US-8168315-B1,B60L58/26,2011-08-23,2011
US-8168315-B1,H01M10/482,2011-08-23,2011
US-8168315-B1,H01M10/486,2011-08-23,2011
US-8168315-B1,B60L2240/545,2011-08-23,2011
US-8168315-B1,B60L2240/547,2011-08-23,2011
US-8168315-B1,B60L2240/549,2011-08-23,2011
US-8168315-B1,B60L2250/10,2011-08-23,2011
US-8168315-B1,G01R31/1263,2011-08-23,2011
US-8168315-B1,Y02E60/10,2011-08-23,2011
US-8168315-B1,Y02T10/70,2011-08-23,2011
US-8758924-B2,F28F1/022,2011-05-06,2011
US-8758924-B2,B60L1/003,2011-05-06,2011
US-8758924-B2,B60L1/02,2011-05-06,2011
US-8758924-B2,B60L50/64,2011-05-06,2011
US-8758924-B2,B60L58/26,2011-05-06,2011
US-8758924-B2,F28F1/20,2011-05-06,2011
US-8758924-B2,H01M10/613,2011-05-06,2011
US-8758924-B2,H01M10/617,2011-05-06,2011
US-8758924-B2,H01M10/625,2011-05-06,2011
US-8758924-B2,H01M10/643,2011-05-06,2011
US-8758924-B2,H01M10/653,2011-05-06,2011
US-8758924-B2,H01M10/6557,2011-05-06,2011
US-8758924-B2,H01M10/6567,2011-05-06,2011
US-8758924-B2,B60L2240/34,2011-05-06,2011
US-8758924-B2,B60L2240/36,2011-05-06,2011
US-8758924-B2,B60L2240/545,2011-05-06,2011
US-8758924-B2,F28F2013/006,2011-05-06,2011
US-8758924-B2,F28F2210/00,2011-05-06,2011
US-8758924-B2,F28F2215/14,2011-05-06,2011
US-8758924-B2,F28F2255/02,2011-05-06,2011
US-8758924-B2,F28F2255/16,2011-05-06,2011
US-8758924-B2,H01M10/615,2011-05-06,2011
US-8758924-B2,H01M10/6551,2011-05-06,2011
US-8758924-B2,H01M10/663,2011-05-06,2011
US-8758924-B2,Y02E60/10,2011-05-06,2011
US-8758924-B2,Y02T10/70,2011-05-06,2011
US-8180512-B2,B60L15/2045,2010-12-10,2010
US-8180512-B2,B60L58/20,2010-12-10,2010
US-8180512-B2,H01M10/48,2010-12-10,2010
US-8180512-B2,H01M12/06,2010-12-10,2010
US-8180512-B2,B60L2260/52,2010-12-10,2010
US-8180512-B2,B60L2260/54,2010-12-10,2010
US-8180512-B2,H01M2220/20,2010-12-10,2010
US-8180512-B2,Y02E60/10,2010-12-10,2010
US-8180512-B2,Y02T10/64,2010-12-10,2010
US-8180512-B2,Y02T10/70,2010-12-10,2010
US-8180512-B2,Y02T10/72,2010-12-10,2010
US-8180512-B2,Y10S903/903,2010-12-10,2010
US-8180512-B2,Y10S903/907,2010-12-10,2010
US-8629657-B2,B60L53/11,2010-11-19,2010
US-8629657-B2,B60L53/305,2010-11-19,2010
US-8629657-B2,B60L58/15,2010-11-19,2010
US-8629657-B2,Y02T10/70,2010-11-19,2010
US-8629657-B2,Y02T10/7072,2010-11-19,2010
US-8629657-B2,Y02T90/12,2010-11-19,2010
US-8629657-B2,Y02T90/14,2010-11-19,2010
US-8629657-B2,Y02T90/16,2010-11-19,2010
US-9040184-B2,H01M10/52,2012-01-28,2012
US-9040184-B2,H01M2/1223,2012-01-28,2012
US-9040184-B2,H01M50/20,2012-01-28,2012
US-9040184-B2,H01M50/317,2012-01-28,2012
US-9040184-B2,H01M2/1094,2012-01-28,2012
US-9040184-B2,H01M50/24,2012-01-28,2012
US-9040184-B2,Y02E60/10,2012-01-28,2012
US-8536825-B2,H,2009-12-31,2009
US-8585131-B2,B60L53/80,2011-12-30,2011
US-8585131-B2,B62D25/087,2011-12-30,2011
US-8585131-B2,B60K1/04,2011-12-30,2011
US-8585131-B2,Y02T10/70,2011-12-30,2011
US-8585131-B2,Y02T10/7072,2011-12-30,2011
US-8268469-B2,B60L50/64,2011-03-30,2011
US-8268469-B2,B60L50/66,2011-03-30,2011
US-8268469-B2,B60L58/26,2011-03-30,2011
US-8268469-B2,B62D29/008,2011-03-30,2011
US-8268469-B2,H01M10/625,2011-03-30,2011
US-8268469-B2,H01M10/653,2011-03-30,2011
US-8268469-B2,H01M10/655,2011-03-30,2011
US-8268469-B2,H01M10/658,2011-03-30,2011
US-8268469-B2,H01M50/20,2011-03-30,2011
US-8268469-B2,H01M50/24,2011-03-30,2011
US-8268469-B2,H01M50/342,2011-03-30,2011
US-8268469-B2,H01M50/35,2011-03-30,2011
US-8268469-B2,H01M50/383,2011-03-30,2011
US-8268469-B2,H01M50/394,2011-03-30,2011
US-8268469-B2,B60K2001/0438,2011-03-30,2011
US-8268469-B2,H01M10/0525,2011-03-30,2011
US-8268469-B2,Y02E60/10,2011-03-30,2011
US-8268469-B2,Y02T10/70,2011-03-30,2011
US-8818624-B2,B60K35/00,2010-08-25,2010
US-8818624-B2,G01C21/3664,2010-08-25,2010
US-8818624-B2,G06F3/04886,2010-08-25,2010
US-8818624-B2,B60K2350/1024,2010-08-25,2010
US-8818624-B2,B60K2350/1028,2010-08-25,2010
US-8818624-B2,B60K2350/962,2010-08-25,2010
US-8818624-B2,B60K2370/143,2010-08-25,2010
US-8818624-B2,B60K2370/1438,2010-08-25,2010
US-8818624-B2,B60K2370/1868,2010-08-25,2010
US-9079498-B2,B60K35/00,2010-06-16,2010
US-9079498-B2,G06F3/04886,2010-06-16,2010
US-9079498-B2,B60K2350/1024,2010-06-16,2010
US-9079498-B2,B60K2350/1028,2010-06-16,2010
US-9079498-B2,B60K2370/143,2010-06-16,2010
US-9079498-B2,B60K2370/1438,2010-06-16,2010
US-8277965-B2,H01M10/625,2010-03-30,2010
US-8277965-B2,B60K1/04,2010-03-30,2010
US-8277965-B2,H01M10/653,2010-03-30,2010
US-8277965-B2,H01M10/658,2010-03-30,2010
US-8277965-B2,H01M50/183,2010-03-30,2010
US-8277965-B2,H01M50/24,2010-03-30,2010
US-8277965-B2,H01M50/342,2010-03-30,2010
US-8277965-B2,H01M50/35,2010-03-30,2010
US-8277965-B2,B60K2001/0438,2010-03-30,2010
US-8277965-B2,H01M2200/10,2010-03-30,2010
US-8277965-B2,H01M50/3425,2010-03-30,2010
US-8277965-B2,Y02E60/10,2010-03-30,2010
US-8892299-B2,B60K35/00,2010-02-19,2010
US-8892299-B2,G01C21/3664,2010-02-19,2010
US-8892299-B2,G06F3/0488,2010-02-19,2010
US-8892299-B2,B60K2370/143,2010-02-19,2010
US-8892299-B2,B60K2370/1438,2010-02-19,2010
US-8892299-B2,B60K2370/736,2010-02-19,2010
US-7820319-B2,H01M50/116,2009-11-25,2009
US-7820319-B2,H01M10/613,2009-11-25,2009
US-7820319-B2,H01M10/625,2009-11-25,2009
US-7820319-B2,H01M10/643,2009-11-25,2009
US-7820319-B2,H01M10/6556,2009-11-25,2009
US-7820319-B2,H01M2200/00,2009-11-25,2009
US-7820319-B2,H01M50/124,2009-11-25,2009
US-7820319-B2,H01M50/1245,2009-11-25,2009
US-7820319-B2,Y02E60/10,2009-11-25,2009
US-9080352-B2,E05B85/107,2012-09-26,2012
US-9080352-B2,E05B85/18,2012-09-26,2012
US-9080352-B2,G07C9/00944,2012-09-26,2012
US-9080352-B2,E05B1/00,2012-09-26,2012
US-9080352-B2,E05B79/06,2012-09-26,2012
US-9080352-B2,E05B81/54,2012-09-26,2012
US-9080352-B2,E05B81/76,2012-09-26,2012
US-9080352-B2,Y10T292/57,2012-09-26,2012
US-8541126-B2,H01M10/613,2009-08-31,2009
US-8541126-B2,H01M10/625,2009-08-31,2009
US-8541126-B2,H01M10/643,2009-08-31,2009
US-8541126-B2,H01M10/647,2009-08-31,2009
US-8541126-B2,H01M10/6552,2009-08-31,2009
US-8541126-B2,H01M10/6555,2009-08-31,2009
US-8541126-B2,H01M10/6557,2009-08-31,2009
US-8541126-B2,H01M10/6568,2009-08-31,2009
US-8541126-B2,H01M10/658,2009-08-31,2009
US-8541126-B2,H01M10/66,2009-08-31,2009
US-8541126-B2,H01M50/20,2009-08-31,2009
US-8541126-B2,H01M50/24,2009-08-31,2009
US-8541126-B2,Y02E60/10,2009-08-31,2009
US-9568534-B2,B60L3/0023,2015-10-02,2015
US-9568534-B2,B60L3/0092,2015-10-02,2015
US-9568534-B2,B60L3/04,2015-10-02,2015
US-9568534-B2,B60R16/023,2015-10-02,2015
US-9568534-B2,G01R31/006,2015-10-02,2015
US-9568534-B2,G01R31/022,2015-10-02,2015
US-9568534-B2,G01R31/026,2015-10-02,2015
US-9568534-B2,G01R31/28,2015-10-02,2015
US-9568534-B2,G01R31/54,2015-10-02,2015
US-9568534-B2,G01R31/58,2015-10-02,2015
US-9568534-B2,G01R31/59,2015-10-02,2015
US-9568534-B2,G06F1/3203,2015-10-02,2015
US-9568534-B2,G06F13/4247,2015-10-02,2015
US-9568534-B2,H04L12/12,2015-10-02,2015
US-9568534-B2,H04L12/40039,2015-10-02,2015
US-9568534-B2,H04L12/40052,2015-10-02,2015
US-9568534-B2,H04L12/437,2015-10-02,2015
US-9568534-B2,B60L2270/145,2015-10-02,2015
US-9568534-B2,H01M2010/4271,2015-10-02,2015
US-9568534-B2,H01M2010/4278,2015-10-02,2015
US-9568534-B2,H01M2220/20,2015-10-02,2015
US-9568534-B2,H04L29/08072,2015-10-02,2015
US-9568534-B2,H04L69/329,2015-10-02,2015
US-9568534-B2,Y02B60/1228,2015-10-02,2015
US-9568534-B2,Y02B60/1235,2015-10-02,2015
US-9568534-B2,Y02B60/32,2015-10-02,2015
US-9568534-B2,Y02B60/34,2015-10-02,2015
US-9568534-B2,Y02D10/00,2015-10-02,2015
US-9568534-B2,Y02D30/50,2015-10-02,2015
US-9568534-B2,Y02E60/10,2015-10-02,2015
US-9568534-B2,Y02T90/16,2015-10-02,2015
US-9187131-B2,B60K1/04,2013-11-07,2013
US-9187131-B2,B62D21/157,2013-11-07,2013
US-9187131-B2,B62D25/2036,2013-11-07,2013
US-9187131-B2,B60K2001/0438,2013-11-07,2013
US-9187131-B2,B60Y2306/01,2013-11-07,2013
US-2018269691-A1,H02J3/381,2018-05-18,2018
US-2018269691-A1,H02J3/383,2018-05-18,2018
US-2018269691-A1,H02J3/46,2018-05-18,2018
US-2018269691-A1,H02M3/33576,2018-05-18,2018
US-2018269691-A1,H02M3/33592,2018-05-18,2018
US-2018269691-A1,H02M5/458,2018-05-18,2018
US-2018269691-A1,H02M7/219,2018-05-18,2018
US-2018269691-A1,H02M7/44,2018-05-18,2018
US-2018269691-A1,H02M7/4807,2018-05-18,2018
US-2018269691-A1,H02J2300/24,2018-05-18,2018
US-2018269691-A1,H02J2300/26,2018-05-18,2018
US-2018269691-A1,H02J3/40,2018-05-18,2018
US-2018269691-A1,H02M2007/4815,2018-05-18,2018
US-2018269691-A1,H02M7/4815,2018-05-18,2018
US-2018269691-A1,Y02B70/10,2018-05-18,2018
US-2018269691-A1,Y02E10/56,2018-05-18,2018
US-7782021-B2,B60L53/14,2007-07-18,2007
US-7782021-B2,B60L53/305,2007-07-18,2007
US-7782021-B2,B60L53/64,2007-07-18,2007
US-7782021-B2,B60L55/00,2007-07-18,2007
US-7782021-B2,G06Q30/0284,2007-07-18,2007
US-7782021-B2,G06Q50/06,2007-07-18,2007
US-7782021-B2,H02J7/0071,2007-07-18,2007
US-7782021-B2,B60L2250/10,2007-07-18,2007
US-7782021-B2,Y02E60/00,2007-07-18,2007
US-7782021-B2,Y02T10/70,2007-07-18,2007
US-7782021-B2,Y02T10/7072,2007-07-18,2007
US-7782021-B2,Y02T90/12,2007-07-18,2007
US-7782021-B2,Y02T90/14,2007-07-18,2007
US-7782021-B2,Y02T90/16,2007-07-18,2007
US-7782021-B2,Y02T90/167,2007-07-18,2007
US-7782021-B2,Y02T90/169,2007-07-18,2007
US-7782021-B2,Y04S10/126,2007-07-18,2007
US-7782021-B2,Y04S30/14,2007-07-18,2007
US-7782021-B2,Y04S50/14,2007-07-18,2007
US-7698078-B2,B60L53/305,2007-07-18,2007
US-7698078-B2,B60L53/64,2007-07-18,2007
US-7698078-B2,B60L53/66,2007-07-18,2007
US-7698078-B2,B60L53/68,2007-07-18,2007
US-7698078-B2,B60L55/00,2007-07-18,2007
US-7698078-B2,B60L58/13,2007-07-18,2007
US-7698078-B2,B60W10/08,2007-07-18,2007
US-7698078-B2,B60W10/26,2007-07-18,2007
US-7698078-B2,H04M1/72415,2007-07-18,2007
US-7698078-B2,B60L2240/62,2007-07-18,2007
US-7698078-B2,B60L2250/10,2007-07-18,2007
US-7698078-B2,B60W10/24,2007-07-18,2007
US-7698078-B2,B60W2050/0075,2007-07-18,2007
US-7698078-B2,B60W2510/244,2007-07-18,2007
US-7698078-B2,B60W2556/45,2007-07-18,2007
US-7698078-B2,B60W2556/50,2007-07-18,2007
US-7698078-B2,B60W2556/60,2007-07-18,2007
US-7698078-B2,B60W30/188,2007-07-18,2007
US-7698078-B2,B60W50/04,2007-07-18,2007
US-7698078-B2,H02J3/32,2007-07-18,2007
US-7698078-B2,H04M1/6075,2007-07-18,2007
US-7698078-B2,Y02E60/00,2007-07-18,2007
US-7698078-B2,Y02T10/62,2007-07-18,2007
US-7698078-B2,Y02T10/70,2007-07-18,2007
US-7698078-B2,Y02T10/7072,2007-07-18,2007
US-7698078-B2,Y02T10/72,2007-07-18,2007
US-7698078-B2,Y02T90/12,2007-07-18,2007
US-7698078-B2,Y02T90/14,2007-07-18,2007
US-7698078-B2,Y02T90/16,2007-07-18,2007
US-7698078-B2,Y02T90/167,2007-07-18,2007
US-7698078-B2,Y02T90/169,2007-07-18,2007
US-7698078-B2,Y04S10/126,2007-07-18,2007
US-7698078-B2,Y04S30/14,2007-07-18,2007
US-7433794-B1,B60L50/64,2007-07-18,2007
US-7433794-B1,B60L58/22,2007-07-18,2007
US-7433794-B1,B60L58/26,2007-07-18,2007
US-7433794-B1,H01M10/486,2007-07-18,2007
US-7433794-B1,H01M10/613,2007-07-18,2007
US-7433794-B1,H01M10/625,2007-07-18,2007
US-7433794-B1,H01M10/643,2007-07-18,2007
US-7433794-B1,H01M10/6556,2007-07-18,2007
US-7433794-B1,H01M10/6563,2007-07-18,2007
US-7433794-B1,H01M10/663,2007-07-18,2007
US-7433794-B1,H02J7/0013,2007-07-18,2007
US-7433794-B1,H02J7/0026,2007-07-18,2007
US-7433794-B1,H02J7/00308,2007-07-18,2007
US-7433794-B1,H02J7/00309,2007-07-18,2007
US-7433794-B1,B60L2240/545,2007-07-18,2007
US-7433794-B1,B60L2240/547,2007-07-18,2007
US-7433794-B1,B60L2240/549,2007-07-18,2007
US-7433794-B1,H02J7/00302,2007-07-18,2007
US-7433794-B1,H02J7/00306,2007-07-18,2007
US-7433794-B1,Y02E60/10,2007-07-18,2007
US-7433794-B1,Y02T10/70,2007-07-18,2007
US-8063757-B2,B60L53/16,2007-07-18,2007
US-8063757-B2,B60L53/65,2007-07-18,2007
US-8063757-B2,B60Q1/50,2007-07-18,2007
US-8063757-B2,B60Q3/14,2007-07-18,2007
US-8063757-B2,B60Q3/16,2007-07-18,2007
US-8063757-B2,B60Q3/64,2007-07-18,2007
US-8063757-B2,B60L2250/10,2007-07-18,2007
US-8063757-B2,B60L2250/16,2007-07-18,2007
US-8063757-B2,Y02T10/70,2007-07-18,2007
US-8063757-B2,Y02T10/7072,2007-07-18,2007
US-8063757-B2,Y02T90/12,2007-07-18,2007
US-8063757-B2,Y02T90/14,2007-07-18,2007
US-8063757-B2,Y02T90/16,2007-07-18,2007
US-8063757-B2,Y02T90/167,2007-07-18,2007
US-8063757-B2,Y02T90/169,2007-07-18,2007
US-8063757-B2,Y04S30/14,2007-07-18,2007
US-7923144-B2,B60L3/0046,2007-03-31,2007
US-7923144-B2,B60L50/64,2007-03-31,2007
US-7923144-B2,B60L58/21,2007-03-31,2007
US-7923144-B2,B60L58/26,2007-03-31,2007
US-7923144-B2,H01M50/20,2007-03-31,2007
US-7923144-B2,H01M50/502,2007-03-31,2007
US-7923144-B2,H01M50/572,2007-03-31,2007
US-7923144-B2,H01M50/579,2007-03-31,2007
US-7923144-B2,B60L2240/545,2007-03-31,2007
US-7923144-B2,Y02E60/10,2007-03-31,2007
US-7923144-B2,Y02T10/70,2007-03-31,2007
US-7489057-B2,H,2007-05-01,2007
US-RE47733-E,F24S25/20,2011-09-22,2011
US-RE47733-E,F24S25/61,2011-09-22,2011
US-RE47733-E,F24S25/632,2011-09-22,2011
US-RE47733-E,F24S25/65,2011-09-22,2011
US-RE47733-E,F24S25/67,2011-09-22,2011
US-RE47733-E,H02S20/23,2011-09-22,2011
US-RE47733-E,F24S2025/6006,2011-09-22,2011
US-RE47733-E,Y02B10/10,2011-09-22,2011
US-RE47733-E,Y02B10/12,2011-09-22,2011
US-RE47733-E,Y02B10/20,2011-09-22,2011
US-RE47733-E,Y02E10/47,2011-09-22,2011
US-RE47733-E,Y02E10/50,2011-09-22,2011
US-7683570-B2,B60L3/0046,2007-07-18,2007
US-7683570-B2,B60L58/26,2007-07-18,2007
US-7683570-B2,B60L58/27,2007-07-18,2007
US-7683570-B2,H01M10/441,2007-07-18,2007
US-7683570-B2,H01M10/486,2007-07-18,2007
US-7683570-B2,H01M10/613,2007-07-18,2007
US-7683570-B2,H01M10/615,2007-07-18,2007
US-7683570-B2,H01M10/625,2007-07-18,2007
US-7683570-B2,H01M10/63,2007-07-18,2007
US-7683570-B2,H01M10/6568,2007-07-18,2007
US-7683570-B2,H01M10/6571,2007-07-18,2007
US-7683570-B2,H01M10/052,2007-07-18,2007
US-7683570-B2,Y02E60/10,2007-07-18,2007
US-7683570-B2,Y02T10/70,2007-07-18,2007
US-10892621-B2,G05B15/02,2019-10-22,2019
US-10892621-B2,G06Q10/063,2019-10-22,2019
US-10892621-B2,G06Q50/06,2019-10-22,2019
US-10892621-B2,H02J3/38,2019-10-22,2019
US-10892621-B2,G05B2219/2639,2019-10-22,2019
US-10892621-B2,Y02E10/56,2019-10-22,2019
US-10892621-B2,Y02E40/70,2019-10-22,2019
US-10892621-B2,Y04S10/50,2019-10-22,2019
US-10141745-B2,G05F1/67,2016-12-12,2016
US-10141745-B2,H02J1/12,2016-12-12,2016
US-10141745-B2,H02J3/38,2016-12-12,2016
US-10141745-B2,H02J3/46,2016-12-12,2016
US-10141745-B2,H02M5/458,2016-12-12,2016
US-10141745-B2,H02M7/46,2016-12-12,2016
US-10141745-B2,H02M7/4807,2016-12-12,2016
US-10141745-B2,H02J2300/24,2016-12-12,2016
US-10141745-B2,H02J3/381,2016-12-12,2016
US-10141745-B2,H02J3/383,2016-12-12,2016
US-10141745-B2,H02M3/285,2016-12-12,2016
US-10141745-B2,Y02E10/56,2016-12-12,2016
US-10141745-B2,Y02E10/563,2016-12-12,2016
US-10141745-B2,Y10T307/511,2016-12-12,2016
US-10418818-B2,H02J3/383,2015-12-30,2015
US-10418818-B2,H02J3/381,2015-12-30,2015
US-10418818-B2,H02M7/44,2015-12-30,2015
US-10418818-B2,H02J2300/24,2015-12-30,2015
US-10418818-B2,H02J3/48,2015-12-30,2015
US-10418818-B2,Y02E10/56,2015-12-30,2015
US-10418818-B2,Y02E10/563,2015-12-30,2015
US-10418818-B2,Y10T307/707,2015-12-30,2015
US-10056759-B2,H02J1/10,2017-06-23,2017
US-10056759-B2,H02J3/16,2017-06-23,2017
US-10056759-B2,H02J3/1828,2017-06-23,2017
US-10056759-B2,H02J3/38,2017-06-23,2017
US-10056759-B2,H02J3/382,2017-06-23,2017
US-10056759-B2,H02J3/383,2017-06-23,2017
US-10056759-B2,H02J3/46,2017-06-23,2017
US-10056759-B2,H02J3/48,2017-06-23,2017
US-10056759-B2,H02J3/50,2017-06-23,2017
US-10056759-B2,H02M1/4266,2017-06-23,2017
US-10056759-B2,H02M5/458,2017-06-23,2017
US-10056759-B2,H02M7/48,2017-06-23,2017
US-10056759-B2,H02M7/493,2017-06-23,2017
US-10056759-B2,H02J13/00026,2017-06-23,2017
US-10056759-B2,H02J13/0075,2017-06-23,2017
US-10056759-B2,H02J2300/24,2017-06-23,2017
US-10056759-B2,H02J3/18,2017-06-23,2017
US-10056759-B2,H02M1/007,2017-06-23,2017
US-10056759-B2,H02M1/10,2017-06-23,2017
US-10056759-B2,H02M1/4208,2017-06-23,2017
US-10056759-B2,H02M1/4225,2017-06-23,2017
US-10056759-B2,H02M7/53871,2017-06-23,2017
US-10056759-B2,Y02B70/10,2017-06-23,2017
US-10056759-B2,Y02E10/56,2017-06-23,2017
US-10056759-B2,Y02E40/30,2017-06-23,2017
US-10056759-B2,Y02E40/70,2017-06-23,2017
US-10056759-B2,Y02E60/00,2017-06-23,2017
US-10056759-B2,Y02E60/7853,2017-06-23,2017
US-10056759-B2,Y04S10/00,2017-06-23,2017
US-10056759-B2,Y04S10/12,2017-06-23,2017
US-10056759-B2,Y04S10/123,2017-06-23,2017
US-10056759-B2,Y04S10/22,2017-06-23,2017
US-10056759-B2,Y04S40/126,2017-06-23,2017
US-7671565-B2,B60L3/0069,2006-02-13,2006
US-7671565-B2,B60L3/04,2006-02-13,2006
US-7671565-B2,B60L58/21,2006-02-13,2006
US-7671565-B2,H01M50/502,2006-02-13,2006
US-7671565-B2,H01M50/572,2006-02-13,2006
US-7671565-B2,B60L2240/549,2006-02-13,2006
US-7671565-B2,Y02E60/10,2006-02-13,2006
US-7671565-B2,Y02T10/70,2006-02-13,2006
US-7671565-B2,Y10T29/49108,2006-02-13,2006
US-8298692-B2,B60K15/03519,2011-01-26,2011
US-8298692-B2,B60L50/64,2011-01-26,2011
US-8298692-B2,B60L50/66,2011-01-26,2011
US-8298692-B2,H01M10/445,2011-01-26,2011
US-8298692-B2,H01M8/04089,2011-01-26,2011
US-8298692-B2,H01M8/0606,2011-01-26,2011
US-8298692-B2,H01M2220/20,2011-01-26,2011
US-8298692-B2,Y02E60/10,2011-01-26,2011
US-8298692-B2,Y02E60/50,2011-01-26,2011
US-8298692-B2,Y02T10/70,2011-01-26,2011
US-7667432-B2,B60L50/64,2006-04-27,2006
US-7667432-B2,B60L58/18,2006-04-27,2006
US-7667432-B2,H01M50/502,2006-04-27,2006
US-7667432-B2,B60L2270/145,2006-04-27,2006
US-7667432-B2,Y02E60/10,2006-04-27,2006
US-7667432-B2,Y02T10/70,2006-04-27,2006
US-7960928-B2,B60L15/2045,2008-10-15,2008
US-7960928-B2,Y02T10/64,2008-10-15,2008
US-7960928-B2,Y02T10/72,2008-10-15,2008
US-7683575-B2,H01M10/425,2007-07-18,2007
US-7683575-B2,H01M10/441,2007-07-18,2007
US-7683575-B2,H01M10/482,2007-07-18,2007
US-7683575-B2,H02J7/0013,2007-07-18,2007
US-7683575-B2,H02J7/0026,2007-07-18,2007
US-7683575-B2,G01R31/382,2007-07-18,2007
US-7683575-B2,G01R31/52,2007-07-18,2007
US-7683575-B2,H02J2310/48,2007-07-18,2007
US-7683575-B2,Y02E60/10,2007-07-18,2007
US-7683575-B2,Y02T10/70,2007-07-18,2007
US-7890218-B2,B60H1/00278,2007-07-18,2007
US-7890218-B2,B60L58/26,2007-07-18,2007
US-7890218-B2,G05D23/1919,2007-07-18,2007
US-7890218-B2,G05D23/20,2007-07-18,2007
US-7890218-B2,H01M10/486,2007-07-18,2007
US-7890218-B2,H01M10/613,2007-07-18,2007
US-7890218-B2,H01M10/625,2007-07-18,2007
US-7890218-B2,H01M10/633,2007-07-18,2007
US-7890218-B2,H01M10/656,2007-07-18,2007
US-7890218-B2,H01M10/6568,2007-07-18,2007
US-7890218-B2,H01M10/663,2007-07-18,2007
US-7890218-B2,B60H2001/003,2007-07-18,2007
US-7890218-B2,B60H2001/00307,2007-07-18,2007
US-7890218-B2,B60L2240/545,2007-07-18,2007
US-7890218-B2,H01M10/6572,2007-07-18,2007
US-7890218-B2,H02J2310/48,2007-07-18,2007
US-7890218-B2,Y02E60/10,2007-07-18,2007
US-7890218-B2,Y02T10/70,2007-07-18,2007
US-2016107619-A1,B60S5/06,2014-05-22,2014
US-2016107619-A1,B60L50/66,2014-05-22,2014
US-2016107619-A1,B65G49/05,2014-05-22,2014
US-2016107619-A1,B65G51/03,2014-05-22,2014
US-2016107619-A1,B66F11/00,2014-05-22,2014
US-2016107619-A1,B60K2001/0455,2014-05-22,2014
US-2016107619-A1,B60K2001/0472,2014-05-22,2014
US-2016107619-A1,Y02T10/70,2014-05-22,2014
US-2016107619-A1,Y02T10/7072,2014-05-22,2014
US-2016107619-A1,Y02T90/12,2014-05-22,2014
US-2016107619-A1,Y02T90/14,2014-05-22,2014
US-10046422-B2,B23K11/115,2016-04-15,2016
US-10046422-B2,B23K11/20,2016-04-15,2016
US-10046422-B2,B23K9/232,2016-04-15,2016
US-10046422-B2,B62D25/025,2016-04-15,2016
US-10046422-B2,C09J5/00,2016-04-15,2016
US-10046422-B2,B23K2101/006,2016-04-15,2016
US-10046422-B2,B23K2101/08,2016-04-15,2016
US-10046422-B2,B23K2101/28,2016-04-15,2016
US-10046422-B2,B23K2103/04,2016-04-15,2016
US-10046422-B2,B23K2103/20,2016-04-15,2016
US-10046422-B2,B23K2201/006,2016-04-15,2016
US-10046422-B2,B23K2201/28,2016-04-15,2016
US-10046422-B2,B23K2203/04,2016-04-15,2016
US-10046422-B2,B23K2203/20,2016-04-15,2016
US-9728990-B2,H02J7/007,2012-10-31,2012
US-9728990-B2,B60L11/1816,2012-10-31,2012
US-9728990-B2,B60L11/185,2012-10-31,2012
US-9728990-B2,B60L11/187,2012-10-31,2012
US-9728990-B2,B60L53/14,2012-10-31,2012
US-9728990-B2,B60L58/24,2012-10-31,2012
US-9728990-B2,H02J7/0029,2012-10-31,2012
US-9728990-B2,H02J7/00302,2012-10-31,2012
US-9728990-B2,B60L2240/36,2012-10-31,2012
US-9728990-B2,B60L2240/545,2012-10-31,2012
US-9728990-B2,B60L2240/80,2012-10-31,2012
US-9728990-B2,B60L2250/14,2012-10-31,2012
US-9728990-B2,B60L2250/20,2012-10-31,2012
US-9728990-B2,B60L2260/50,2012-10-31,2012
US-9728990-B2,Y02T10/70,2012-10-31,2012
US-9728990-B2,Y02T10/7005,2012-10-31,2012
US-9728990-B2,Y02T10/705,2012-10-31,2012
US-9728990-B2,Y02T10/7072,2012-10-31,2012
US-9728990-B2,Y02T90/12,2012-10-31,2012
US-9728990-B2,Y02T90/121,2012-10-31,2012
US-9728990-B2,Y02T90/128,2012-10-31,2012
US-9728990-B2,Y02T90/14,2012-10-31,2012
US-7741816-B2,B60L53/14,2008-03-28,2008
US-7741816-B2,B60L58/10,2008-03-28,2008
US-7741816-B2,B60L58/27,2008-03-28,2008
US-7741816-B2,H01M10/44,2008-03-28,2008
US-7741816-B2,H01M10/615,2008-03-28,2008
US-7741816-B2,H01M10/625,2008-03-28,2008
US-7741816-B2,H01M10/6567,2008-03-28,2008
US-7741816-B2,H01M10/663,2008-03-28,2008
US-7741816-B2,B60L2250/16,2008-03-28,2008
US-7741816-B2,Y02E60/10,2008-03-28,2008
US-7741816-B2,Y02T10/64,2008-03-28,2008
US-7741816-B2,Y02T10/70,2008-03-28,2008
US-7741816-B2,Y02T10/7072,2008-03-28,2008
US-7741816-B2,Y02T10/72,2008-03-28,2008
US-7741816-B2,Y02T90/14,2008-03-28,2008
US-8773058-B2,B60L15/025,2011-07-08,2011
US-8773058-B2,H02P29/66,2011-07-08,2011
US-8773058-B2,B60L2220/12,2011-07-08,2011
US-8773058-B2,B60L2240/423,2011-07-08,2011
US-8773058-B2,B60L2240/425,2011-07-08,2011
US-8773058-B2,B60L2260/44,2011-07-08,2011
US-8773058-B2,B60L2260/56,2011-07-08,2011
US-8773058-B2,H02P2207/01,2011-07-08,2011
US-8773058-B2,Y02T10/64,2011-07-08,2011
US-7404720-B1,B60L53/16,2007-03-29,2007
US-7404720-B1,H01R13/701,2007-03-29,2007
US-7404720-B1,B60L2270/32,2007-03-29,2007
US-7404720-B1,B60L2270/34,2007-03-29,2007
US-7404720-B1,Y02T10/70,2007-03-29,2007
US-7404720-B1,Y02T10/7072,2007-03-29,2007
US-7404720-B1,Y02T90/14,2007-03-29,2007
US-2014093107-A1,G06F3/017,2012-11-08,2012
US-2014093107-A1,B60G17/015,2012-11-08,2012
US-2014093107-A1,B60J7/043,2012-11-08,2012
US-2014093107-A1,G06F17/00,2012-11-08,2012
US-2014093107-A1,G06F3/04817,2012-11-08,2012
US-2014093107-A1,G06F3/04842,2012-11-08,2012
US-2014093107-A1,H04R2499/13,2012-11-08,2012
US-2008251235-A1,B60H1/00278,2007-04-11,2007
US-2008251235-A1,B60H1/00392,2007-04-11,2007
US-2008251235-A1,B60H1/32281,2007-04-11,2007
US-2008251235-A1,B60L1/003,2007-04-11,2007
US-2008251235-A1,B60L1/02,2007-04-11,2007
US-2008251235-A1,B60L3/003,2007-04-11,2007
US-2008251235-A1,B60L50/51,2007-04-11,2007
US-2008251235-A1,B60L58/26,2007-04-11,2007
US-2008251235-A1,B60L58/27,2007-04-11,2007
US-2008251235-A1,B60H2001/00307,2007-04-11,2007
US-2008251235-A1,B60H2001/00928,2007-04-11,2007
US-2008251235-A1,B60L2240/34,2007-04-11,2007
US-2008251235-A1,B60L2240/36,2007-04-11,2007
US-2008251235-A1,B60L2240/545,2007-04-11,2007
US-2008251235-A1,B60L2240/662,2007-04-11,2007
US-2008251235-A1,Y02T10/70,2007-04-11,2007
US-2008251235-A1,Y02T10/72,2007-04-11,2007
US-2008251235-A1,Y02T90/16,2007-04-11,2007
US-8241772-B2,H01M50/3425,2009-07-15,2009
US-8241772-B2,H01M50/572,2009-07-15,2009
US-8241772-B2,H01M2200/106,2009-07-15,2009
US-8241772-B2,Y02E60/10,2009-07-15,2009
US-8552693-B2,H02J7/007194,2009-09-30,2009
US-8552693-B2,H02J7/04,2009-09-30,2009
US-8057928-B2,H01M50/116,2009-06-12,2009
US-8057928-B2,H01M50/147,2009-06-12,2009
US-8057928-B2,H01M50/183,2009-06-12,2009
US-8057928-B2,H01M50/3425,2009-06-12,2009
US-8057928-B2,H01M50/543,2009-06-12,2009
US-8057928-B2,H01M50/545,2009-06-12,2009
US-8057928-B2,H01M50/572,2009-06-12,2009
US-8057928-B2,H01M50/578,2009-06-12,2009
US-8057928-B2,Y02E60/10,2009-06-12,2009
US-8057928-B2,Y02T10/70,2009-06-12,2009
US-8346419-B2,B60K6/46,2008-09-26,2008
US-8346419-B2,B60L15/2045,2008-09-26,2008
US-8346419-B2,B60L50/62,2008-09-26,2008
US-8346419-B2,B60W10/08,2008-09-26,2008
US-8346419-B2,B60W10/28,2008-09-26,2008
US-8346419-B2,B60W20/13,2008-09-26,2008
US-8346419-B2,B60L2210/40,2008-09-26,2008
US-8346419-B2,B60W2510/24,2008-09-26,2008
US-8346419-B2,Y02T10/62,2008-09-26,2008
US-8346419-B2,Y02T10/64,2008-09-26,2008
US-8346419-B2,Y02T10/70,2008-09-26,2008
US-8346419-B2,Y02T10/7072,2008-09-26,2008
US-8346419-B2,Y02T10/72,2008-09-26,2008
US-8346419-B2,Y10S903/903,2008-09-26,2008
US-8346419-B2,Y10T477/20,2008-09-26,2008
US-8216502-B2,Y02E60/10,2008-12-02,2008
US-7741750-B1,H02K1/265,2008-12-29,2008
US-7741750-B1,H02K17/12,2008-12-29,2008
US-7741750-B1,H02K17/20,2008-12-29,2008
US-7741750-B1,H02K2213/03,2008-12-29,2008
US-10347894-B2,H01M50/502,2017-01-20,2017
US-10347894-B2,H01M10/0422,2017-01-20,2017
US-10347894-B2,H01M10/627,2017-01-20,2017
US-10347894-B2,H01M2/1077,2017-01-20,2017
US-10347894-B2,H01M2/1094,2017-01-20,2017
US-10347894-B2,H01M2/1241,2017-01-20,2017
US-10347894-B2,H01M50/20,2017-01-20,2017
US-10347894-B2,H01M50/24,2017-01-20,2017
US-10347894-B2,H01M50/3425,2017-01-20,2017
US-10347894-B2,H01M10/613,2017-01-20,2017
US-10347894-B2,H01M10/643,2017-01-20,2017
US-10347894-B2,H01M10/6552,2017-01-20,2017
US-10347894-B2,H01M10/6554,2017-01-20,2017
US-10347894-B2,H01M2220/10,2017-01-20,2017
US-10347894-B2,Y02E60/10,2017-01-20,2017
US-10347894-B2,Y02P70/50,2017-01-20,2017
US-8932739-B2,H01M10/613,2011-04-18,2011
US-8932739-B2,H01M10/625,2011-04-18,2011
US-8932739-B2,H01M10/6567,2011-04-18,2011
US-8932739-B2,H01M10/658,2011-04-18,2011
US-8932739-B2,H01M50/572,2011-04-18,2011
US-8932739-B2,Y02E60/10,2011-04-18,2011
US-7602145-B2,B60L58/15,2006-07-18,2006
US-7602145-B2,B60L58/19,2006-07-18,2006
US-7602145-B2,B60L58/22,2006-07-18,2006
US-7602145-B2,B60L2240/547,2006-07-18,2006
US-7602145-B2,Y02T10/70,2006-07-18,2006
US-8647763-B2,H01M10/625,2011-06-30,2011
US-8647763-B2,H01M10/6557,2011-06-30,2011
US-8647763-B2,H01M10/6567,2011-06-30,2011
US-8647763-B2,H01M10/643,2011-06-30,2011
US-8647763-B2,H01M10/6568,2011-06-30,2011
US-8647763-B2,H01M2220/20,2011-06-30,2011
US-8647763-B2,Y02E60/10,2011-06-30,2011
US-9787112-B2,H02J7/00,2013-04-02,2013
US-9787112-B2,H02J7/0052,2013-04-02,2013
US-9787112-B2,H02J2007/006,2013-04-02,2013
US-9787112-B2,H02J2207/30,2013-04-02,2013
US-8313850-B1,H01M10/42,2012-03-29,2012
US-8313850-B1,H01M10/488,2012-03-29,2012
US-8313850-B1,H01M2010/4271,2012-03-29,2012
US-8313850-B1,Y02E60/10,2012-03-29,2012
US-2017214008-A9,H01M10/625,2013-01-08,2013
US-2017214008-A9,H01M50/20,2013-01-08,2013
US-2017214008-A9,B60K1/04,2013-01-08,2013
US-2017214008-A9,H01M10/6556,2013-01-08,2013
US-2017214008-A9,H01M10/6562,2013-01-08,2013
US-2017214008-A9,B60K11/02,2013-01-08,2013
US-2017214008-A9,B60K11/04,2013-01-08,2013
US-2017214008-A9,B60K2001/005,2013-01-08,2013
US-2017214008-A9,B60K2001/0438,2013-01-08,2013
US-2017214008-A9,Y02E60/10,2013-01-08,2013
US-8365392-B2,H02K15/0012,2010-11-17,2010
US-8365392-B2,H02K15/0081,2010-11-17,2010
US-8365392-B2,Y10T29/49009,2010-11-17,2010
US-8365392-B2,Y10T29/49012,2010-11-17,2010
US-9692025-B2,H01M50/107,2015-12-17,2015
US-9692025-B2,H01M10/04,2015-12-17,2015
US-9692025-B2,H01M2/022,2015-12-17,2015
US-9692025-B2,H01M2/0413,2015-12-17,2015
US-9692025-B2,H01M2/0456,2015-12-17,2015
US-9692025-B2,H01M2/1235,2015-12-17,2015
US-9692025-B2,H01M2/1282,2015-12-17,2015
US-9692025-B2,H01M50/148,2015-12-17,2015
US-9692025-B2,H01M50/166,2015-12-17,2015
US-9692025-B2,H01M50/171,2015-12-17,2015
US-9692025-B2,H01M50/342,2015-12-17,2015
US-9692025-B2,H01M50/3425,2015-12-17,2015
US-9692025-B2,H01M50/375,2015-12-17,2015
US-9692025-B2,H01M10/0525,2015-12-17,2015
US-9692025-B2,H01M2200/20,2015-12-17,2015
US-9692025-B2,Y02E60/10,2015-12-17,2015
US-9692025-B2,Y02P70/50,2015-12-17,2015
US-9692025-B2,Y10T29/4911,2015-12-17,2015
US-8757709-B2,B62D25/025,2011-11-30,2011
US-9278607-B2,B60H2001/3478,2012-05-08,2012
US-2014212695-A1,H01M10/425,2013-01-30,2013
US-2014212695-A1,H01M2/202,2013-01-30,2013
US-2014212695-A1,H01M10/482,2013-01-30,2013
US-2014212695-A1,H01M2/204,2013-01-30,2013
US-2014212695-A1,H01M2/206,2013-01-30,2013
US-2014212695-A1,Y02E60/10,2013-01-30,2013
US-2013298583-A1,B60H1/00278,2013-07-22,2013
US-2013298583-A1,B60H1/00385,2013-07-22,2013
US-2013298583-A1,B60H1/143,2013-07-22,2013
US-2013298583-A1,B60H1/323,2013-07-22,2013
US-2013298583-A1,H01M10/5004,2013-07-22,2013
US-2013298583-A1,H01M10/613,2013-07-22,2013
US-2013298583-A1,B60H2001/00307,2013-07-22,2013
US-2013298583-A1,Y02E60/10,2013-07-22,2013
US-8557416-B2,B60L3/0046,2012-05-19,2012
US-8557416-B2,B60L50/51,2012-05-19,2012
US-8557416-B2,B60L50/64,2012-05-19,2012
US-8557416-B2,B60L50/66,2012-05-19,2012
US-8557416-B2,B60L58/18,2012-05-19,2012
US-8557416-B2,B60L58/21,2012-05-19,2012
US-8557416-B2,B60L58/26,2012-05-19,2012
US-8557416-B2,H01M10/625,2012-05-19,2012
US-8557416-B2,H01M10/653,2012-05-19,2012
US-8557416-B2,H01M10/655,2012-05-19,2012
US-8557416-B2,H01M10/6556,2012-05-19,2012
US-8557416-B2,H01M10/658,2012-05-19,2012
US-8557416-B2,H01M50/24,2012-05-19,2012
US-8557416-B2,H01M50/342,2012-05-19,2012
US-8557416-B2,H01M50/35,2012-05-19,2012
US-8557416-B2,H01M50/383,2012-05-19,2012
US-8557416-B2,H01M50/394,2012-05-19,2012
US-8557416-B2,B60L2240/545,2012-05-19,2012
US-8557416-B2,H01M10/0525,2012-05-19,2012
US-8557416-B2,H01M2200/10,2012-05-19,2012
US-8557416-B2,Y02E60/10,2012-05-19,2012
US-8557416-B2,Y02T10/70,2012-05-19,2012
US-8154256-B2,H01M10/486,2009-05-28,2009
US-8154256-B2,H01M10/613,2009-05-28,2009
US-8154256-B2,H01M10/633,2009-05-28,2009
US-8154256-B2,G01R31/3835,2009-05-28,2009
US-8154256-B2,H01M10/625,2009-05-28,2009
US-8154256-B2,H01M10/643,2009-05-28,2009
US-8154256-B2,H01M10/656,2009-05-28,2009
US-8154256-B2,Y02E60/10,2009-05-28,2009
US-2013074525-A1,B60H1/00385,2012-04-28,2012
US-2013074525-A1,B60H1/143,2012-04-28,2012
US-2013074525-A1,B60H1/323,2012-04-28,2012
US-2013074525-A1,B60H2001/00307,2012-04-28,2012
US-8133287-B2,H01M50/572,2010-08-04,2010
US-8133287-B2,H01M10/613,2010-08-04,2010
US-8133287-B2,H01M10/658,2010-08-04,2010
US-8133287-B2,Y02E60/10,2010-08-04,2010
US-8133287-B2,Y10T29/49108,2010-08-04,2010
US-8659270-B2,H02J7/00302,2010-10-29,2010
US-8579635-B2,B60L53/16,2012-07-13,2012
US-8579635-B2,B60L2270/147,2012-07-13,2012
US-8579635-B2,H01R13/64,2012-07-13,2012
US-8579635-B2,Y02T10/70,2012-07-13,2012
US-8579635-B2,Y02T10/7072,2012-07-13,2012
US-8579635-B2,Y02T90/14,2012-07-13,2012
US-10153116-B2,H01H1/06,2013-12-02,2013
US-10153116-B2,H01H1/20,2013-12-02,2013
US-10153116-B2,H01H1/2075,2013-12-02,2013
US-10153116-B2,H01H50/12,2013-12-02,2013
US-10153116-B2,H01H50/546,2013-12-02,2013
US-10153116-B2,H01H2235/01,2013-12-02,2013
US-10153116-B2,H01H50/305,2013-12-02,2013
US-9250020-B2,F28F27/02,2012-05-10,2012
US-8541127-B2,F28F13/00,2011-05-06,2011
US-8541127-B2,H01M10/613,2011-05-06,2011
US-8541127-B2,H01M10/617,2011-05-06,2011
US-8541127-B2,H01M10/625,2011-05-06,2011
US-8541127-B2,H01M10/643,2011-05-06,2011
US-8541127-B2,H01M10/653,2011-05-06,2011
US-8541127-B2,H01M10/6557,2011-05-06,2011
US-8541127-B2,H01M10/6567,2011-05-06,2011
US-8541127-B2,H01M50/20,2011-05-06,2011
US-8541127-B2,F28F2013/005,2011-05-06,2011
US-8541127-B2,F28F2255/146,2011-05-06,2011
US-8541127-B2,H01M10/615,2011-05-06,2011
US-8541127-B2,H01M10/6551,2011-05-06,2011
US-8541127-B2,H01M10/663,2011-05-06,2011
US-8541127-B2,Y02E60/10,2011-05-06,2011
US-2013015814-A1,B60L3/0046,2011-07-13,2011
US-2013015814-A1,B60L50/51,2011-07-13,2011
US-2013015814-A1,B60L53/14,2011-07-13,2011
US-2013015814-A1,B60L53/65,2011-07-13,2011
US-2013015814-A1,B60L58/15,2011-07-13,2011
US-2013015814-A1,B60L58/16,2011-07-13,2011
US-2013015814-A1,B60L58/24,2011-07-13,2011
US-2013015814-A1,B60L2240/545,2011-07-13,2011
US-2013015814-A1,B60L2240/622,2011-07-13,2011
US-2013015814-A1,B60L2240/70,2011-07-13,2011
US-2013015814-A1,B60L2250/10,2011-07-13,2011
US-2013015814-A1,B60L2250/16,2011-07-13,2011
US-2013015814-A1,B60L2250/22,2011-07-13,2011
US-2013015814-A1,B60L2260/28,2011-07-13,2011
US-2013015814-A1,B60L2260/52,2011-07-13,2011
US-2013015814-A1,Y02T10/70,2011-07-13,2011
US-2013015814-A1,Y02T10/7072,2011-07-13,2011
US-2013015814-A1,Y02T10/72,2011-07-13,2011
US-2013015814-A1,Y02T90/12,2011-07-13,2011
US-2013015814-A1,Y02T90/14,2011-07-13,2011
US-2013015814-A1,Y02T90/16,2011-07-13,2011
US-2013015814-A1,Y02T90/167,2011-07-13,2011
US-2013015814-A1,Y02T90/169,2011-07-13,2011
US-2013015814-A1,Y04S30/14,2011-07-13,2011
US-8881883-B2,F16H63/3425,2012-04-30,2012
US-8881883-B2,Y10T74/19637,2012-04-30,2012
US-7939192-B2,B60L3/0046,2007-06-20,2007
US-7939192-B2,B60L50/52,2007-06-20,2007
US-7939192-B2,B60L50/64,2007-06-20,2007
US-7939192-B2,B60L58/21,2007-06-20,2007
US-7939192-B2,B60L58/26,2007-06-20,2007
US-7939192-B2,B60L58/27,2007-06-20,2007
US-7939192-B2,G01J5/0096,2007-06-20,2007
US-7939192-B2,G01J5/60,2007-06-20,2007
US-7939192-B2,H01M50/20,2007-06-20,2007
US-7939192-B2,B60L2240/545,2007-06-20,2007
US-7939192-B2,Y02E60/10,2007-06-20,2007
US-7939192-B2,Y02T10/70,2007-06-20,2007
US-7939192-B2,Y02T90/16,2007-06-20,2007
US-2011082620-A1,B60K35/00,2010-08-25,2010
US-2011082620-A1,G06F3/04883,2010-08-25,2010
US-2011082620-A1,G06F3/04886,2010-08-25,2010
US-2011082620-A1,B60K2370/143,2010-08-25,2010
US-2011082620-A1,B60K2370/1438,2010-08-25,2010
US-2011082620-A1,B60K2370/1868,2010-08-25,2010
US-2014095023-A1,B60G17/015,2013-02-22,2013
US-2014095023-A1,B60G17/016,2013-02-22,2013
US-2014095023-A1,B60G17/04,2013-02-22,2013
US-2014095023-A1,B60J7/043,2013-02-22,2013
US-2014095023-A1,G06F17/00,2013-02-22,2013
US-2014095023-A1,G06F3/04817,2013-02-22,2013
US-2014095023-A1,G06F3/04842,2013-02-22,2013
US-2014095023-A1,H04S7/303,2013-02-22,2013
US-2014095023-A1,B60G2202/152,2013-02-22,2013
US-2014095023-A1,B60G2400/204,2013-02-22,2013
US-2014095023-A1,B60G2400/252,2013-02-22,2013
US-2014095023-A1,B60G2400/51222,2013-02-22,2013
US-2014095023-A1,B60G2400/90,2013-02-22,2013
US-2014095023-A1,B60G2401/16,2013-02-22,2013
US-2014095023-A1,B60G2500/30,2013-02-22,2013
US-2014095023-A1,B60G2600/04,2013-02-22,2013
US-2014095023-A1,B60G2600/20,2013-02-22,2013
US-2014095023-A1,B60G2800/914,2013-02-22,2013
US-2011091760-A1,B60L50/64,2010-12-30,2010
US-2011091760-A1,B60L50/66,2010-12-30,2010
US-2011091760-A1,B60L58/21,2010-12-30,2010
US-2011091760-A1,B60L58/26,2010-12-30,2010
US-2011091760-A1,H01M10/617,2010-12-30,2010
US-2011091760-A1,H01M10/625,2010-12-30,2010
US-2011091760-A1,H01M10/643,2010-12-30,2010
US-2011091760-A1,H01M10/6555,2010-12-30,2010
US-2011091760-A1,H01M10/6569,2010-12-30,2010
US-2011091760-A1,B60L2240/545,2010-12-30,2010
US-2011091760-A1,Y02E60/10,2010-12-30,2010
US-2011091760-A1,Y02T10/70,2010-12-30,2010
US-2010136402-A1,H01M10/613,2009-04-22,2009
US-2010136402-A1,H01M10/643,2009-04-22,2009
US-2010136402-A1,H01M10/6567,2009-04-22,2009
US-2010136402-A1,H01M50/20,2009-04-22,2009
US-2010136402-A1,H01M50/24,2009-04-22,2009
US-2010136402-A1,H01M50/30,2009-04-22,2009
US-2010136402-A1,H01M10/0525,2009-04-22,2009
US-2010136402-A1,Y02E60/10,2009-04-22,2009
US-2009023056-A1,B60L58/25,2007-07-18,2007
US-2009023056-A1,F28D1/0478,2007-07-18,2007
US-2009023056-A1,H01M10/613,2007-07-18,2007
US-2009023056-A1,H01M10/643,2007-07-18,2007
US-2009023056-A1,H01M10/6557,2007-07-18,2007
US-2009023056-A1,H01M10/6563,2007-07-18,2007
US-2009023056-A1,H01M10/6568,2007-07-18,2007
US-2009023056-A1,H01M10/663,2007-07-18,2007
US-2009023056-A1,H01M50/20,2007-07-18,2007
US-2009023056-A1,H01M10/0525,2007-07-18,2007
US-2009023056-A1,Y02E60/10,2007-07-18,2007
US-2009023056-A1,Y02T10/70,2007-07-18,2007
US-2009023056-A1,Y10T29/49359,2007-07-18,2007
US-2008311468-A1,H01M10/625,2007-06-18,2007
US-2008311468-A1,B60L3/0046,2007-06-18,2007
US-2008311468-A1,B60L50/52,2007-06-18,2007
US-2008311468-A1,B60L50/64,2007-06-18,2007
US-2008311468-A1,B60L58/21,2007-06-18,2007
US-2008311468-A1,B60L58/26,2007-06-18,2007
US-2008311468-A1,B60L58/27,2007-06-18,2007
US-2008311468-A1,H01M10/613,2007-06-18,2007
US-2008311468-A1,H01M10/643,2007-06-18,2007
US-2008311468-A1,H01M10/6557,2007-06-18,2007
US-2008311468-A1,H01M10/6568,2007-06-18,2007
US-2008311468-A1,H01M10/663,2007-06-18,2007
US-2008311468-A1,B60L2240/545,2007-06-18,2007
US-2008311468-A1,Y02E60/10,2007-06-18,2007
US-2008311468-A1,Y02T10/70,2007-06-18,2007
US-2008311468-A1,Y02T90/16,2007-06-18,2007
US-8059007-B2,H01M10/613,2009-05-28,2009
US-8059007-B2,Y02E60/10,2009-05-28,2009
US-2010133023-A1,B60L50/52,2009-09-23,2009
US-2010133023-A1,B60L53/11,2009-09-23,2009
US-2010133023-A1,B60K1/02,2009-09-23,2009
US-2010133023-A1,B60K17/043,2009-09-23,2009
US-2010133023-A1,B60K17/34,2009-09-23,2009
US-2010133023-A1,B60K17/356,2009-09-23,2009
US-2010133023-A1,B60K2001/001,2009-09-23,2009
US-2010133023-A1,B60L2210/10,2009-09-23,2009
US-2010133023-A1,B60L2220/44,2009-09-23,2009
US-2010133023-A1,Y02T10/64,2009-09-23,2009
US-2010133023-A1,Y02T10/70,2009-09-23,2009
US-2010133023-A1,Y02T10/7072,2009-09-23,2009
US-2010133023-A1,Y02T10/72,2009-09-23,2009
US-2010133023-A1,Y02T90/12,2009-09-23,2009
US-2010133023-A1,Y02T90/14,2009-09-23,2009
US-7922006-B2,B01D29/21,2007-06-29,2007
US-7922006-B2,B01D29/232,2007-06-29,2007
US-7922006-B2,B01D29/54,2007-06-29,2007
US-7922006-B2,B01D2201/122,2007-06-29,2007
US-7922006-B2,Y10T156/1025,2007-06-29,2007
US-7922006-B2,Y10T156/1038,2007-06-29,2007
US-7922006-B2,Y10T156/1051,2007-06-29,2007
US-2014339950-A1,H02K15/0012,2013-05-18,2013
US-2014339950-A1,H02K17/165,2013-05-18,2013
US-2014339950-A1,H02K17/185,2013-05-18,2013
US-2014339950-A1,H02K17/205,2013-05-18,2013
US-8263254-B2,H01M10/613,2010-04-29,2010
US-8263254-B2,H01M10/658,2010-04-29,2010
US-8263254-B2,H01M10/6595,2010-04-29,2010
US-8263254-B2,H01M50/116,2010-04-29,2010
US-8263254-B2,H01M10/0587,2010-04-29,2010
US-8263254-B2,H01M10/643,2010-04-29,2010
US-8263254-B2,H01M10/65,2010-04-29,2010
US-8263254-B2,H01M10/6554,2010-04-29,2010
US-8263254-B2,H01M2200/00,2010-04-29,2010
US-8263254-B2,H01M50/124,2010-04-29,2010
US-8263254-B2,H01M50/1245,2010-04-29,2010
US-8263254-B2,Y02E60/10,2010-04-29,2010
US-2011082618-A1,B60K35/00,2010-08-25,2010
US-2011082618-A1,G06F3/04886,2010-08-25,2010
US-2011082618-A1,B60K2370/143,2010-08-25,2010
US-2011082618-A1,B60K2370/1438,2010-08-25,2010
US-2011082618-A1,B60K2370/148,2010-08-25,2010
US-2011082618-A1,B60K2370/1868,2010-08-25,2010
US-8124263-B2,H01M50/24,2010-01-05,2010
US-8124263-B2,H01M10/052,2010-01-05,2010
US-8124263-B2,Y02E60/10,2010-01-05,2010
US-9692038-B2,H01M2/345,2014-11-24,2014
US-9692038-B2,H01M50/166,2014-11-24,2014
US-9692038-B2,H01M2/0413,2014-11-24,2014
US-9692038-B2,H01M2/1241,2014-11-24,2014
US-9692038-B2,H01M50/171,2014-11-24,2014
US-9692038-B2,H01M50/3425,2014-11-24,2014
US-9692038-B2,H01M2/022,2014-11-24,2014
US-9692038-B2,H01M2200/20,2014-11-24,2014
US-9692038-B2,H01M50/107,2014-11-24,2014
US-9692038-B2,Y02E60/10,2014-11-24,2014
US-2012168125-A1,B60K11/04,2011-06-01,2011
US-2012168125-A1,B60K11/085,2011-06-01,2011
US-2012168125-A1,F28D1/0443,2011-06-01,2011
US-2012168125-A1,F28F27/02,2011-06-01,2011
US-2012168125-A1,B60Y2200/91,2011-06-01,2011
US-2012168125-A1,F01P2003/185,2011-06-01,2011
US-2012168125-A1,F01P7/10,2011-06-01,2011
US-2012168125-A1,Y02T10/88,2011-06-01,2011
US-RE46149-E,B60J7/022,2015-04-28,2015
US-RE46149-E,B60J7/0435,2015-04-28,2015
US-2012019194-A1,B60L53/14,2010-07-20,2010
US-2012019194-A1,B60L53/24,2010-07-20,2010
US-2012019194-A1,Y02T10/70,2010-07-20,2010
US-2012019194-A1,Y02T10/7072,2010-07-20,2010
US-2012019194-A1,Y02T90/12,2010-07-20,2010
US-2012019194-A1,Y02T90/14,2010-07-20,2010
US-2012019194-A1,Y02T90/16,2010-07-20,2010
US-9403296-B2,B29C65/4845,2012-04-12,2012
US-9403296-B2,B29C66/301,2012-04-12,2012
US-9403296-B2,B29C66/5324,2012-04-12,2012
US-9403296-B2,B29C66/73343,2012-04-12,2012
US-9403296-B2,H01M2/105,2012-04-12,2012
US-9403296-B2,H01M50/213,2012-04-12,2012
US-9403296-B2,B29C2035/0827,2012-04-12,2012
US-9403296-B2,B29L2031/3468,2012-04-12,2012
US-9403296-B2,B32B3/26,2012-04-12,2012
US-9403296-B2,H01M2/10,2012-04-12,2012
US-9403296-B2,H01M2220/20,2012-04-12,2012
US-9403296-B2,H01M50/20,2012-04-12,2012
US-9403296-B2,Y02E60/10,2012-04-12,2012
US-9899652-B2,H01M2/1241,2016-02-19,2016
US-9899652-B2,H01M10/0525,2016-02-19,2016
US-9899652-B2,H01M10/4228,2016-02-19,2016
US-9899652-B2,H01M10/613,2016-02-19,2016
US-9899652-B2,H01M10/625,2016-02-19,2016
US-9899652-B2,H01M10/6567,2016-02-19,2016
US-9899652-B2,H01M2/36,2016-02-19,2016
US-9899652-B2,H01M50/60,2016-02-19,2016
US-9899652-B2,H01M2220/20,2016-02-19,2016
US-9899652-B2,Y02E60/10,2016-02-19,2016
US-9899652-B2,Y10T137/0324,2016-02-19,2016
US-9899652-B2,Y10T137/5762,2016-02-19,2016
US-10424923-B2,H02J3/00,2016-09-29,2016
US-10424923-B2,H02J1/10,2016-09-29,2016
US-10424923-B2,H02J13/0062,2016-09-29,2016
US-10424923-B2,H02J3/28,2016-09-29,2016
US-10424923-B2,H02J7/02,2016-09-29,2016
US-10424923-B2,H02J7/022,2016-09-29,2016
US-10424923-B2,H02J7/04,2016-09-29,2016
US-10424923-B2,H02M7/44,2016-09-29,2016
US-10424923-B2,Y02E60/00,2016-09-29,2016
US-10424923-B2,Y02E60/722,2016-09-29,2016
US-10424923-B2,Y04S10/14,2016-09-29,2016
US-9352783-B2,B62D29/008,2014-04-17,2014
US-9352783-B2,F16F7/12,2014-04-17,2014
US-8572837-B2,H,2006-06-13,2006
US-10439477-B2,H02K9/00,2014-01-31,2014
US-10439477-B2,H02K9/19,2014-01-31,2014
US-10439477-B2,H02K9/197,2014-01-31,2014
US-10439477-B2,F16H57/0412,2014-01-31,2014
US-10439477-B2,F16H57/0441,2014-01-31,2014
US-10439477-B2,H02K7/116,2014-01-31,2014
US-8057630-B2,H01M50/183,2010-03-02,2010
US-8057630-B2,F16B11/006,2010-03-02,2010
US-8057630-B2,H01M50/20,2010-03-02,2010
US-8057630-B2,H01M50/26,2010-03-02,2010
US-8057630-B2,B29C65/1406,2010-03-02,2010
US-8057630-B2,B29C65/1435,2010-03-02,2010
US-8057630-B2,B29C65/1467,2010-03-02,2010
US-8057630-B2,B29C65/1483,2010-03-02,2010
US-8057630-B2,B29C65/1496,2010-03-02,2010
US-8057630-B2,B29C65/483,2010-03-02,2010
US-8057630-B2,B29C65/4845,2010-03-02,2010
US-8057630-B2,B29C65/485,2010-03-02,2010
US-8057630-B2,B29C66/1222,2010-03-02,2010
US-8057630-B2,B29C66/1224,2010-03-02,2010
US-8057630-B2,B29C66/1226,2010-03-02,2010
US-8057630-B2,B29L2031/3468,2010-03-02,2010
US-8057630-B2,Y02E60/10,2010-03-02,2010
US-8057630-B2,Y02P70/50,2010-03-02,2010
US-8057630-B2,Y10S228/901,2010-03-02,2010
US-8493018-B2,H02P27/06,2011-01-31,2011
US-8493018-B2,H02M1/32,2011-01-31,2011
US-8493018-B2,H03K17/0822,2011-01-31,2011
US-8493018-B2,H03K17/166,2011-01-31,2011
US-2018122973-A1,H02S40/22,2017-10-27,2017
US-2018122973-A1,H01L31/02366,2017-10-27,2017
US-2018122973-A1,H01L31/048,2017-10-27,2017
US-2018122973-A1,H01L31/0547,2017-10-27,2017
US-2018122973-A1,H02S20/00,2017-10-27,2017
US-2018122973-A1,H02S20/23,2017-10-27,2017
US-2018122973-A1,H02S20/25,2017-10-27,2017
US-2018122973-A1,H02S40/20,2017-10-27,2017
US-2018122973-A1,Y02B10/10,2017-10-27,2017
US-2018122973-A1,Y02E10/50,2017-10-27,2017
US-2018122973-A1,Y02E10/52,2017-10-27,2017
US-8651875-B2,B60L53/16,2012-08-18,2012
US-8651875-B2,Y02T10/70,2012-08-18,2012
US-8651875-B2,Y02T10/7072,2012-08-18,2012
US-8651875-B2,Y02T90/14,2012-08-18,2012
US-8627534-B2,B08B1/00,2011-04-20,2011
US-8627534-B2,B60L53/16,2011-04-20,2011
US-8627534-B2,B60L53/31,2011-04-20,2011
US-8627534-B2,H01R43/002,2011-04-20,2011
US-8627534-B2,Y02T10/70,2011-04-20,2011
US-8627534-B2,Y02T10/7072,2011-04-20,2011
US-8627534-B2,Y02T90/12,2011-04-20,2011
US-8627534-B2,Y02T90/14,2011-04-20,2011
US-8133608-B2,H01M50/502,2010-08-04,2010
US-8133608-B2,H01M50/572,2010-08-04,2010
US-8133608-B2,H01M2200/103,2010-08-04,2010
US-8133608-B2,H01M2200/106,2010-08-04,2010
US-8133608-B2,Y02E60/10,2010-08-04,2010
US-10393864-B2,B60J5/0412,2016-08-31,2016
US-10393864-B2,G10K11/002,2016-08-31,2016
US-10393864-B2,G10K11/004,2016-08-31,2016
US-10393864-B2,G01S2015/937,2016-08-31,2016
US-8970147-B2,B60L58/25,2011-06-29,2011
US-8970147-B2,B60L2240/425,2011-06-29,2011
US-8970147-B2,B60L2240/525,2011-06-29,2011
US-8970147-B2,B60L2240/545,2011-06-29,2011
US-8970147-B2,Y02T10/64,2011-06-29,2011
US-8970147-B2,Y02T10/642,2011-06-29,2011
US-8970147-B2,Y02T10/70,2011-06-29,2011
US-8970147-B2,Y02T10/7005,2011-06-29,2011
US-8970147-B2,Y02T10/705,2011-06-29,2011
US-8664907-B2,H02M1/32,2011-01-31,2011
US-10173739-B2,B60R5/04,2016-12-16,2016
US-10173739-B2,B62D25/082,2016-12-16,2016
US-10173739-B2,B62D65/028,2016-12-16,2016
US-10173739-B2,B62D65/16,2016-12-16,2016
US-10173739-B2,B60R5/02,2016-12-16,2016
US-2017177048-A1,B60R16/033,2015-04-02,2015
US-2017177048-A1,G01R31/36,2015-04-02,2015
US-2017177048-A1,G01R31/3606,2015-04-02,2015
US-2017177048-A1,G01R31/382,2015-04-02,2015
US-2017177048-A1,G01R31/396,2015-04-02,2015
US-2017177048-A1,G06F1/26,2015-04-02,2015
US-2017177048-A1,H01M10/425,2015-04-02,2015
US-2017177048-A1,H01M10/48,2015-04-02,2015
US-2017177048-A1,H04Q9/00,2015-04-02,2015
US-2017177048-A1,H04W52/00,2015-04-02,2015
US-2017177048-A1,H01M2010/4278,2015-04-02,2015
US-2017177048-A1,H04Q2209/30,2015-04-02,2015
US-2017177048-A1,Y02E60/10,2015-04-02,2015
US-8771013-B2,H01R13/5808,2012-06-14,2012
US-9687769-B2,B01D46/0023,2015-08-26,2015
US-9687769-B2,B01D46/0036,2015-08-26,2015
US-9687769-B2,B01D46/0086,2015-08-26,2015
US-9687769-B2,B01D46/429,2015-08-26,2015
US-9687769-B2,B01D46/521,2015-08-26,2015
US-9687769-B2,B60H3/06,2015-08-26,2015
US-9687769-B2,B60H3/0641,2015-08-26,2015
US-9687769-B2,B60H2003/0683,2015-08-26,2015
US-8088511-B2,H01M50/10,2009-07-07,2009
US-8088511-B2,H01M50/183,2009-07-07,2009
US-8088511-B2,H01M50/107,2009-07-07,2009
US-8088511-B2,Y02E60/10,2009-07-07,2009
US-8557415-B2,B60L50/51,2012-05-19,2012
US-8557415-B2,B60L50/64,2012-05-19,2012
US-8557415-B2,B60L50/66,2012-05-19,2012
US-8557415-B2,B60L58/18,2012-05-19,2012
US-8557415-B2,B60L58/21,2012-05-19,2012
US-8557415-B2,B60L58/26,2012-05-19,2012
US-8557415-B2,H01M10/625,2012-05-19,2012
US-8557415-B2,H01M10/653,2012-05-19,2012
US-8557415-B2,H01M10/655,2012-05-19,2012
US-8557415-B2,H01M10/6556,2012-05-19,2012
US-8557415-B2,H01M10/658,2012-05-19,2012
US-8557415-B2,H01M50/20,2012-05-19,2012
US-8557415-B2,H01M50/24,2012-05-19,2012
US-8557415-B2,H01M50/342,2012-05-19,2012
US-8557415-B2,H01M50/35,2012-05-19,2012
US-8557415-B2,H01M50/383,2012-05-19,2012
US-8557415-B2,H01M50/394,2012-05-19,2012
US-8557415-B2,B60L2240/545,2012-05-19,2012
US-8557415-B2,H01M10/0525,2012-05-19,2012
US-8557415-B2,H01M2200/10,2012-05-19,2012
US-8557415-B2,Y02E60/10,2012-05-19,2012
US-8557415-B2,Y02T10/70,2012-05-19,2012
US-7821224-B2,B60L15/025,2008-04-10,2008
US-7821224-B2,B60L15/08,2008-04-10,2008
US-7821224-B2,B60L15/20,2008-04-10,2008
US-7821224-B2,B60L50/51,2008-04-10,2008
US-7821224-B2,H02P21/0085,2008-04-10,2008
US-7821224-B2,H02P21/14,2008-04-10,2008
US-7821224-B2,H02P23/14,2008-04-10,2008
US-7821224-B2,B60L2220/12,2008-04-10,2008
US-7821224-B2,B60L2240/423,2008-04-10,2008
US-7821224-B2,B60L2240/427,2008-04-10,2008
US-7821224-B2,B60L2240/429,2008-04-10,2008
US-7821224-B2,H02P2207/01,2008-04-10,2008
US-7821224-B2,Y02T10/64,2008-04-10,2008
US-7821224-B2,Y02T10/70,2008-04-10,2008
US-7821224-B2,Y02T10/72,2008-04-10,2008
US-9496775-B2,H02K1/22,2013-06-19,2013
US-9496775-B2,H02K17/165,2013-06-19,2013
US-9496775-B2,H02K7/04,2013-06-19,2013
US-9496775-B2,Y10T29/49012,2013-06-19,2013
US-9729032-B2,H02K17/165,2013-06-17,2013
US-9729032-B2,H02K7/04,2013-06-17,2013
US-9729032-B2,Y10T29/49012,2013-06-17,2013
US-8353545-B1,B,2011-09-22,2011
US-9941045-B2,H01F27/022,2013-11-27,2013
US-9941045-B2,H01F27/085,2013-11-27,2013
US-9941045-B2,H01F27/263,2013-11-27,2013
US-9941045-B2,H01F27/2876,2013-11-27,2013
US-9941045-B2,H01F27/30,2013-11-27,2013
US-9941045-B2,H01F27/327,2013-11-27,2013
US-9941045-B2,H01F41/0206,2013-11-27,2013
US-9941045-B2,H01F41/125,2013-11-27,2013
US-9941045-B2,Y10T29/49075,2013-11-27,2013
US-8810208-B2,H02J7/00,2011-03-10,2011
US-8810208-B2,H02J7/0052,2011-03-10,2011
US-8810208-B2,H02J2007/0059,2011-03-10,2011
US-8810208-B2,H02J2207/20,2011-03-10,2011
US-8810208-B2,Y02B40/00,2011-03-10,2011
US-8810208-B2,Y02E60/10,2011-03-10,2011
US-8810208-B2,Y02E60/13,2011-03-10,2011
US-8810208-B2,Y02E70/40,2011-03-10,2011
US-2010136409-A1,Y02E60/10,2009-03-30,2009
US-8324863-B2,H02J7/02,2010-04-19,2010
US-8324863-B2,H02J7/022,2010-04-19,2010
US-8324863-B2,H02J2207/20,2010-04-19,2010
US-8324863-B2,H02M1/007,2010-04-19,2010
US-8324863-B2,Y02B40/00,2010-04-19,2010
US-8324863-B2,Y02B70/10,2010-04-19,2010
US-9509240-B2,H02P21/0021,2015-01-29,2015
US-9509240-B2,H02P21/141,2015-01-29,2015
US-8862414-B2,H01M2/348,2011-09-21,2011
US-8862414-B2,H01M50/581,2011-09-21,2011
US-8862414-B2,H01M10/48,2011-09-21,2011
US-8862414-B2,H01M10/482,2011-09-21,2011
US-8862414-B2,H01M10/5004,2011-09-21,2011
US-8862414-B2,H01M10/5016,2011-09-21,2011
US-8862414-B2,H01M10/5022,2011-09-21,2011
US-8862414-B2,H01M10/5079,2011-09-21,2011
US-8862414-B2,H01M10/613,2011-09-21,2011
US-8862414-B2,H01M10/625,2011-09-21,2011
US-8862414-B2,H01M10/633,2011-09-21,2011
US-8862414-B2,H01M10/6569,2011-09-21,2011
US-8862414-B2,Y02E60/10,2011-09-21,2011
US-8862414-B2,Y02E60/12,2011-09-21,2011
US-8511745-B2,B,2011-09-23,2011
US-8092081-B2,G01K3/005,2009-05-28,2009
US-8092081-B2,G08B17/06,2009-05-28,2009
US-2017130495-A1,B60J5/042,2016-09-22,2016
US-2017130495-A1,B60J5/0473,2016-09-22,2016
US-2017130495-A1,B60J5/0491,2016-09-22,2016
US-2017130495-A1,E05B55/00,2016-09-22,2016
US-2017130495-A1,E05B81/04,2016-09-22,2016
US-2017130495-A1,E05B81/18,2016-09-22,2016
US-2017130495-A1,E05B83/16,2016-09-22,2016
US-2017130495-A1,E05B83/36,2016-09-22,2016
US-2017130495-A1,E05B85/045,2016-09-22,2016
US-2017130495-A1,E05C1/085,2016-09-22,2016
US-2017130495-A1,E05C9/14,2016-09-22,2016
US-2017130495-A1,E05C9/20,2016-09-22,2016
US-2017130495-A1,E05D11/06,2016-09-22,2016
US-2017130495-A1,E05D11/082,2016-09-22,2016
US-2017130495-A1,E05D15/26,2016-09-22,2016
US-2017130495-A1,E05F15/616,2016-09-22,2016
US-2017130495-A1,E05F5/06,2016-09-22,2016
US-2013327511-A1,F28F9/02,2012-06-06,2012
US-2013327511-A1,F28F2265/18,2012-06-06,2012
US-2013327511-A1,Y10T137/3084,2012-06-06,2012
US-8638063-B2,B60L53/63,2010-10-13,2010
US-8638063-B2,B60L55/00,2010-10-13,2010
US-8638063-B2,H01M10/46,2010-10-13,2010
US-8638063-B2,H01M10/48,2010-10-13,2010
US-8638063-B2,H02J7/007,2010-10-13,2010
US-8638063-B2,H02J7/04,2010-10-13,2010
US-8638063-B2,Y02E60/00,2010-10-13,2010
US-8638063-B2,Y02E60/10,2010-10-13,2010
US-8638063-B2,Y02T10/70,2010-10-13,2010
US-8638063-B2,Y02T10/7072,2010-10-13,2010
US-8638063-B2,Y02T90/12,2010-10-13,2010
US-8638063-B2,Y02T90/14,2010-10-13,2010
US-8638063-B2,Y02T90/16,2010-10-13,2010
US-8638063-B2,Y04S10/126,2010-10-13,2010
US-9225197-B2,H02J7/0055,2011-05-06,2011
US-9225197-B2,H02J7/007,2011-05-06,2011
US-9225197-B2,H02J2207/40,2011-05-06,2011
US-9225197-B2,Y02B40/00,2011-05-06,2011
US-9225197-B2,Y02B40/90,2011-05-06,2011
US-2014376995-A1,F16B11/008,2013-06-20,2013
US-2014376995-A1,B32B37/18,2013-06-20,2013
US-2014376995-A1,B29C65/542,2013-06-20,2013
US-2014376995-A1,B29C66/1282,2013-06-20,2013
US-2014376995-A1,B29C66/12841,2013-06-20,2013
US-2014376995-A1,B29C66/14,2013-06-20,2013
US-2014376995-A1,B29C66/342,2013-06-20,2013
US-2014376995-A1,B29C66/5241,2013-06-20,2013
US-2014376995-A1,B29C66/54,2013-06-20,2013
US-2014376995-A1,B29C66/972,2013-06-20,2013
US-2014376995-A1,Y10T403/472,2013-06-20,2013
US-2014376995-A1,Y10T403/477,2013-06-20,2013
US-2012111444-A1,H01M10/613,2010-11-09,2010
US-2012111444-A1,H01M10/6567,2010-11-09,2010
US-2012111444-A1,H01M50/375,2010-11-09,2010
US-2012111444-A1,Y02E60/10,2010-11-09,2010
US-2012111444-A1,Y02P70/50,2010-11-09,2010
US-2012111444-A1,Y10T29/49108,2010-11-09,2010
US-8933661-B2,B60L53/14,2012-04-30,2012
US-8933661-B2,H02J50/10,2012-04-30,2012
US-8933661-B2,H02J50/12,2012-04-30,2012
US-8933661-B2,H02J7/02,2012-04-30,2012
US-8933661-B2,H02J7/025,2012-04-30,2012
US-8933661-B2,Y02T10/70,2012-04-30,2012
US-8933661-B2,Y02T10/7072,2012-04-30,2012
US-8933661-B2,Y02T90/12,2012-04-30,2012
US-8933661-B2,Y02T90/14,2012-04-30,2012
US-2011117403-A1,H01M50/166,2010-09-10,2010
US-2011117403-A1,H01M50/171,2010-09-10,2010
US-2011117403-A1,H01M50/3425,2010-09-10,2010
US-2011117403-A1,Y02E60/10,2010-09-10,2010
US-2013027049-A1,G01R27/025,2011-07-28,2011
US-2011262783-A1,H01M10/654,2011-02-24,2011
US-2011262783-A1,H01M10/659,2011-02-24,2011
US-2011262783-A1,H01M10/0525,2011-02-24,2011
US-2011262783-A1,Y02E60/10,2011-02-24,2011
US-2017062778-A1,H01M2/0439,2016-08-23,2016
US-2017062778-A1,H01M10/0525,2016-08-23,2016
US-2017062778-A1,H01M2/024,2016-08-23,2016
US-2017062778-A1,H01M2/046,2016-08-23,2016
US-2017062778-A1,H01M2/0482,2016-08-23,2016
US-2017062778-A1,H01M2/0486,2016-08-23,2016
US-2017062778-A1,H01M2/1241,2016-08-23,2016
US-2017062778-A1,H01M50/10,2016-08-23,2016
US-2017062778-A1,H01M50/152,2016-08-23,2016
US-2017062778-A1,H01M50/155,2016-08-23,2016
US-2017062778-A1,H01M50/166,2016-08-23,2016
US-2017062778-A1,H01M50/171,2016-08-23,2016
US-2017062778-A1,H01M50/3425,2016-08-23,2016
US-2017062778-A1,H01M50/545,2016-08-23,2016
US-2017062778-A1,H01M2220/20,2016-08-23,2016
US-2017062778-A1,Y02E60/10,2016-08-23,2016
US-2017062778-A1,Y02P70/50,2016-08-23,2016
US-2017062778-A1,Y02T10/70,2016-08-23,2016
US-2014095031-A1,B60G17/015,2013-03-25,2013
US-2014095031-A1,B60J7/043,2013-03-25,2013
US-2014095031-A1,B60K35/00,2013-03-25,2013
US-2014095031-A1,G06F17/00,2013-03-25,2013
US-2014095031-A1,G06F3/04817,2013-03-25,2013
US-2014095031-A1,G06F3/04842,2013-03-25,2013
US-2014095031-A1,G06F3/04847,2013-03-25,2013
US-2014095031-A1,G06F3/04883,2013-03-25,2013
US-2014095031-A1,H04S7/303,2013-03-25,2013
US-2014095031-A1,B60J7/0573,2013-03-25,2013
US-2014095031-A1,B60K2370/11,2013-03-25,2013
US-2014095031-A1,B60K2370/1442,2013-03-25,2013
US-2014095031-A1,B60K2370/171,2013-03-25,2013
